timestamp,date_GMT,status,attendance,home_team_name,away_team_name,referee,Pre-Match PPG (Home),Pre-Match PPG (Away),home_ppg,away_ppg,home_team_goal_count,away_team_goal_count,total_goal_count,total_goals_at_half_time,home_team_goal_count_half_time,away_team_goal_count_half_time,home_team_goal_timings,away_team_goal_timings,home_team_corner_count,away_team_corner_count,home_team_yellow_cards,home_team_red_cards,away_team_yellow_cards,away_team_red_cards,home_team_first_half_cards,home_team_second_half_cards,away_team_first_half_cards,away_team_second_half_cards,home_team_shots,away_team_shots,home_team_shots_on_target,away_team_shots_on_target,home_team_shots_off_target,away_team_shots_off_target,home_team_fouls,away_team_fouls,home_team_possession,away_team_possession,team_a_xg,team_b_xg,average_goals_per_match_pre_match,btts_percentage_pre_match,over_15_percentage_pre_match,over_25_percentage_pre_match,over_35_percentage_pre_match,over_45_percentage_pre_match,over_15_HT_FHG_percentage_pre_match,over_05_HT_FHG_percentage_pre_match,average_corners_per_match_pre_match,average_cards_per_match_pre_match,odds_ft_home_team_win,odds_ft_draw,odds_ft_away_team_win,odds_ft_over15,odds_ft_over25,odds_ft_over35,odds_ft_over45,odds_btts_yes,odds_btts_no,stadium_name
1535216400,Aug 25 2018 - 5:00pm,complete,N/A,RSB Berkane,Mouloudia Oujda,N/A,0.00,0.00,1.87,0.73,1,1,2,0,0,0,"","",5,6,0,0,1,0,0,0,0,1,13,12,6,4,7,8,-1,-1,52,48,1.93,1.40,0.00,0,0,0,0,0,0,0,0.00,0.00,1.77,3.20,4.55,1.61,2.90,5.80,0.00,2.75,1.42,Stade Municipal de Berkane
1535225400,Aug 25 2018 - 7:30pm,complete,N/A,Raja Casablanca,Chabab Rif Hoceima,N/A,0.00,0.00,2.07,0.47,6,0,6,0,0,0,"","",6,3,2,0,2,1,2,0,2,1,16,4,9,2,7,2,-1,-1,55,45,2.16,0.66,0.00,0,0,0,0,0,0,0,0.00,0.00,1.38,4.05,7.25,1.32,2.00,3.60,0.00,2.30,1.59,Stade Mohamed V
1535299200,Aug 26 2018 - 4:00pm,complete,N/A,Youssoufia Berrechid,Hassania Agadir,N/A,0.00,0.00,1.53,1.07,1,0,1,0,0,0,"","",2,5,1,0,2,0,1,0,1,1,9,8,3,3,6,5,-1,-1,39,61,1.13,1.34,0.00,0,0,0,0,0,0,0,0.00,0.00,3.80,2.85,2.05,1.45,2.40,4.65,0.00,2.20,1.62,Stade Municipal de Berrechid
1535308200,Aug 26 2018 - 6:30pm,complete,N/A,Khouribga,Moghreb Tétouan,N/A,0.00,0.00,1.60,0.80,2,1,3,0,0,0,"","",4,3,4,0,2,0,2,2,1,1,7,11,6,5,1,6,-1,-1,50,50,1.37,1.56,0.00,0,0,0,0,0,0,0,0.00,0.00,2.00,3.10,3.70,1.42,2.30,4.30,0.00,2.15,1.67,Stade du Phosphate
1535389200,Aug 27 2018 - 5:00pm,complete,N/A,Ittihad Tanger,Rapide Oued Zem,N/A,0.00,0.00,1.33,0.67,1,1,2,0,0,0,"","",7,0,2,0,3,0,1,1,0,3,9,8,3,4,6,4,-1,-1,64,36,1.37,1.10,0.00,0,0,0,0,0,0,0,0.00,0.00,1.95,3.00,4.05,1.53,2.65,5.20,0.00,2.40,1.56,Grand Stade de Tanger
1535398200,Aug 27 2018 - 7:30pm,complete,N/A,Kawkab Marrakech,FUS Rabat,N/A,0.00,0.00,1.40,1.00,1,1,2,0,0,0,"","",4,3,2,0,2,0,0,2,0,2,9,10,3,4,6,6,-1,-1,58,42,1.32,1.23,0.00,0,0,0,0,0,0,0,0.00,0.00,3.50,2.85,2.20,1.47,2.45,4.75,0.00,2.20,1.65,Stade de Marrakech
1536343200,Sep 7 2018 - 6:00pm,complete,N/A,Olympic Safi,Wydad Casablanca,N/A,0.00,0.00,2.00,1.33,2,1,3,0,0,0,"","",3,6,1,0,4,0,0,1,1,3,7,18,3,7,4,11,-1,-1,29,71,1.00,2.53,0.00,0,0,0,0,0,0,0,0.00,0.00,3.15,2.60,2.50,1.54,2.65,5.25,0.00,2.30,1.59,Stade El Massira
1536516000,Sep 9 2018 - 6:00pm,complete,N/A,FAR Rabat,Difaâ El Jadida,N/A,0.00,0.00,1.13,1.07,0,1,1,0,0,0,"","",4,3,2,1,2,0,0,3,2,0,7,20,0,4,7,16,-1,-1,55,45,0.96,2.05,0.00,0,0,0,0,0,0,0,0.00,0.00,2.35,2.90,3.00,1.42,2.30,4.30,0.00,2.05,1.71,Stade Prince Moulay Abdallah
1537023600,Sep 15 2018 - 3:00pm,complete,N/A,Chabab Rif Hoceima,FAR Rabat,N/A,0.00,0.00,1.33,1.07,1,4,5,0,0,0,"","",4,5,0,0,0,0,0,0,0,0,5,10,3,9,2,1,-1,-1,53,47,0.86,1.72,0.00,0,0,0,0,0,0,0,0.00,0.00,3.20,2.85,2.30,1.54,2.70,5.30,0.00,2.35,1.57,Stade de football d'Imzouren (Imzouren)
1537110000,Sep 16 2018 - 3:00pm,complete,N/A,Mouloudia Oujda,Ittihad Tanger,N/A,0.00,0.00,1.60,1.33,1,1,2,0,0,0,"","",2,4,1,0,1,0,1,0,0,1,2,3,2,2,0,1,-1,-1,36,64,0.64,0.91,0.00,0,0,0,0,0,0,0,0.00,0.00,2.55,2.85,2.80,1.45,2.40,4.65,0.00,2.15,1.67,Stade Prince Moulay Abdallah
1537120800,Sep 16 2018 - 6:00pm,complete,N/A,Rapide Oued Zem,Kawkab Marrakech,N/A,0.00,0.00,1.80,0.60,1,0,1,0,0,0,"","",1,4,2,0,2,0,1,1,1,1,8,6,5,3,3,3,-1,-1,42,58,1.27,1.14,0.00,0,0,0,0,0,0,0,0.00,0.00,1.95,2.95,4.00,1.45,2.40,4.65,0.00,2.20,1.62,Stade Municipal (Oued Zem)
1537203600,Sep 17 2018 - 5:00pm,complete,N/A,Difaâ El Jadida,Khouribga,N/A,0.00,0.00,1.53,0.80,2,1,3,0,0,0,"","",8,2,2,0,3,0,2,0,2,1,19,7,11,3,8,4,-1,-1,61,39,2.66,1.07,0.00,0,0,0,0,0,0,0,0.00,0.00,1.69,3.50,4.50,1.34,2.10,3.80,0.00,2.10,1.69,Stade Ben Ahmed El Abdi
1537212600,Sep 17 2018 - 7:30pm,complete,N/A,FUS Rabat,Olympic Safi,N/A,0.00,0.00,1.53,1.00,3,0,3,0,0,0,"","",3,3,3,0,2,0,1,2,1,1,12,13,8,6,4,7,-1,-1,56,44,2.01,1.74,0.00,0,0,0,0,0,0,0,0.00,0.00,1.74,3.15,4.70,1.48,2.50,4.80,0.00,2.40,1.54,Stade du FUS (Hay Nahda) (Rabat)
1537628400,Sep 22 2018 - 3:00pm,complete,N/A,Kawkab Marrakech,Mouloudia Oujda,N/A,1.00,1.00,1.40,0.73,3,1,4,0,0,0,"","",4,3,2,0,1,0,0,2,1,0,13,8,6,3,7,5,-1,-1,52,48,1.56,1.09,2.00,100,100,0,0,0,0,0,10.00,3.00,2.40,3.05,2.80,1.42,2.30,4.30,0.00,2.05,1.71,Stade de Marrakech
1537635600,Sep 22 2018 - 5:00pm,complete,N/A,Ittihad Tanger,Moghreb Tétouan,N/A,1.00,0.00,1.33,0.80,1,1,2,0,0,0,"","",4,2,2,0,2,0,1,1,1,1,13,4,5,2,8,2,-1,-1,54,46,1.60,0.77,2.50,100,100,50,0,0,0,0,10.00,4.00,1.71,3.40,4.60,1.50,2.55,5.00,0.00,2.50,1.50,Grand Stade de Tanger
1537644600,Sep 22 2018 - 7:30pm,complete,N/A,Olympic Safi,Rapide Oued Zem,N/A,3.00,1.00,2.00,0.67,1,0,1,0,0,0,"","",3,5,4,1,4,1,3,2,2,3,5,3,2,0,3,3,-1,-1,47,53,0.90,0.56,2.50,100,100,50,0,0,0,0,3.00,4.00,2.25,2.95,3.15,1.56,2.70,5.40,0.00,2.40,1.56,Stade El Massira
1537711200,Sep 23 2018 - 2:00pm,complete,N/A,Khouribga,Chabab Rif Hoceima,N/A,3.00,0.00,1.60,0.47,2,1,3,0,0,0,"","",2,4,1,0,1,0,0,1,0,1,3,2,3,2,0,0,-1,-1,50,50,0.90,0.77,4.50,50,100,100,50,50,0,0,7.00,8.00,1.77,3.25,4.50,0.00,0.00,0.00,0.00,0.00,0.00,Stade du Phosphate
1537808400,Sep 24 2018 - 5:00pm,complete,N/A,FAR Rabat,Hassania Agadir,N/A,0.00,0.00,1.13,1.07,0,1,1,0,0,0,"","",4,8,3,0,3,0,0,3,0,3,2,4,0,4,2,0,-1,-1,51,49,0.54,0.91,1.00,0,0,0,0,0,0,0,9.00,6.00,2.25,2.90,3.20,1.41,2.25,4.25,0.00,2.05,1.74,Stade Prince Moulay Abdallah
1538154000,Sep 28 2018 - 5:00pm,complete,N/A,Moghreb Tétouan,Kawkab Marrakech,N/A,0.00,0.00,1.47,0.60,1,4,5,0,0,0,"","",11,2,0,0,0,0,0,0,0,0,9,11,5,6,4,5,-1,-1,64,36,0.00,0.00,0.50,0,0,0,0,0,0,0,4.00,2.00,1.80,3.20,4.35,1.42,2.30,4.30,0.00,2.20,1.62,Stade Saniat Rmel
1538233200,Sep 29 2018 - 3:00pm,complete,N/A,Difaâ El Jadida,Ittihad Tanger,N/A,3.00,1.00,1.53,1.33,1,0,1,0,0,0,"","",2,6,2,0,0,0,1,1,0,0,13,21,7,9,6,12,-1,-1,50,50,1.65,2.53,2.50,100,100,50,0,0,0,0,12.00,3.00,2.10,2.95,3.55,1.53,2.65,5.20,0.00,2.35,1.57,Stade Ben Ahmed El Abdi
1538326800,Sep 30 2018 - 5:00pm,complete,N/A,Hassania Agadir,Khouribga,N/A,0.00,0.00,1.93,0.80,1,0,1,0,0,0,"","",7,2,1,0,2,0,0,1,1,1,15,7,4,2,11,5,-1,-1,56,44,1.90,1.04,1.50,50,50,50,0,0,0,0,2.00,3.00,1.77,3.30,4.25,1.31,2.00,3.55,0.00,2.00,1.80,Stade d'Agadir
1538335800,Sep 30 2018 - 7:30pm,complete,N/A,FUS Rabat,Youssoufia Berrechid,N/A,3.00,0.00,1.53,1.07,1,1,2,0,0,0,"","",0,2,2,0,1,0,1,1,1,0,9,7,3,3,6,4,-1,-1,48,52,1.28,1.16,1.50,0,50,50,0,0,0,0,3.00,3.00,1.53,3.50,6.20,1.43,2.35,4.40,0.00,2.60,1.48,Stade du FUS (Hay Nahda) (Rabat)
1538406000,Oct 1 2018 - 3:00pm,complete,N/A,Chabab Rif Hoceima,RSB Berkane,N/A,0.00,0.00,1.33,0.73,0,1,1,0,0,0,"","",2,7,1,0,3,0,1,0,1,2,15,7,4,3,11,4,-1,-1,51,49,1.82,1.04,2.50,50,50,50,50,50,0,0,4.00,0.00,3.50,2.90,2.10,0.00,0.00,0.00,0.00,0.00,0.00,Stade de football d'Imzouren (Imzouren)
1538413200,Oct 1 2018 - 5:00pm,complete,N/A,Mouloudia Oujda,Olympic Safi,N/A,1.00,0.00,1.60,1.00,0,0,0,0,0,0,"","",8,5,0,0,0,0,0,0,0,0,13,9,4,3,9,6,-1,-1,54,46,1.68,1.23,2.50,50,100,50,0,0,0,0,5.00,3.00,2.25,3.05,3.00,0.00,0.00,0.00,0.00,0.00,0.00,Stade Prince Moulay Abdallah
1540047600,Oct 20 2018 - 3:00pm,complete,N/A,Khouribga,Raja Casablanca,N/A,3.00,0.00,1.60,1.60,1,1,2,0,0,0,"","",2,8,1,0,0,1,0,1,1,0,19,12,9,5,10,7,-1,-1,48,52,2.50,1.61,1.50,50,50,50,0,0,0,0,3.00,2.50,3.20,3.10,2.15,1.39,2.25,4.10,0.00,2.05,1.74,Stade du Phosphate
1540054800,Oct 20 2018 - 5:00pm,complete,N/A,Kawkab Marrakech,Difaâ El Jadida,N/A,2.00,3.00,1.40,1.07,2,1,3,0,0,0,"","",5,2,2,1,0,1,2,1,0,1,12,16,4,7,8,9,-1,-1,45,55,1.47,2.12,2.00,50,50,25,25,0,0,0,7.00,4.00,3.50,3.00,2.05,1.39,2.20,4.15,0.00,2.05,1.74,Stade de Marrakech
1540062000,Oct 20 2018 - 7:00pm,complete,N/A,Ittihad Tanger,Chabab Rif Hoceima,N/A,1.00,0.00,1.33,0.47,1,1,2,0,0,0,"","",5,2,1,0,3,0,0,1,1,2,9,8,4,3,5,5,-1,-1,55,45,1.52,1.14,3.25,75,100,50,25,25,0,0,9.00,4.50,1.44,3.70,7.00,1.42,2.30,4.30,0.00,2.65,1.45,Grand Stade de Tanger
1540134000,Oct 21 2018 - 3:00pm,complete,N/A,Youssoufia Berrechid,FAR Rabat,N/A,3.00,3.00,1.53,1.07,0,0,0,0,0,0,"","",0,5,0,0,0,0,0,0,0,0,6,15,2,5,4,10,-1,-1,46,54,0.95,1.81,3.00,50,50,50,50,50,0,0,7.00,1.00,3.35,3.00,2.15,1.43,2.35,4.50,0.00,2.15,1.67,Stade Municipal de Berrechid
1540141200,Oct 21 2018 - 5:00pm,complete,N/A,RSB Berkane,Hassania Agadir,N/A,1.00,1.50,1.87,1.07,0,0,0,0,0,0,"","",5,4,0,0,0,0,0,0,0,0,10,6,2,2,8,4,-1,-1,55,45,1.31,1.04,1.50,50,50,0,0,0,0,0,11.50,2.50,2.10,2.85,3.65,1.57,2.75,5.50,0.00,2.45,1.53,Stade Municipal de Berkane
1540148400,Oct 21 2018 - 7:00pm,complete,N/A,Wydad Casablanca,Mouloudia Oujda,N/A,0.00,0.50,2.60,0.73,2,0,2,0,0,0,"","",4,3,2,0,1,0,1,1,0,1,10,8,4,4,6,4,-1,-1,66,34,1.51,1.13,1.50,50,50,25,25,0,0,0,4.50,1.00,1.36,4.20,7.50,1.27,1.91,3.25,0.00,2.20,1.62,Stade Mohamed V
1540227600,Oct 22 2018 - 5:00pm,complete,N/A,Olympic Safi,Moghreb Tétouan,N/A,3.00,0.50,2.00,0.80,1,0,1,0,0,0,"","",4,2,0,0,0,0,0,0,0,0,10,9,5,4,5,5,-1,-1,50,50,0.00,0.00,2.25,75,75,50,0,0,0,0,5.50,5.50,2.10,2.90,3.50,1.62,2.95,5.95,0.00,2.55,1.49,Stade El Massira
1540234800,Oct 22 2018 - 7:00pm,complete,N/A,FUS Rabat,Rapide Oued Zem,N/A,2.00,0.50,1.53,0.67,1,1,2,0,0,0,"","",3,1,1,0,2,0,0,1,1,1,16,6,7,5,9,1,-1,-1,61,39,2.19,1.02,2.00,50,75,25,0,0,0,0,4.00,7.00,1.80,3.10,4.50,1.48,2.50,4.80,0.00,2.35,1.56,Stade du FUS (Hay Nahda) (Rabat)
1540573200,Oct 26 2018 - 5:00pm,complete,N/A,Moghreb Tétouan,RSB Berkane,N/A,0.00,3.00,1.47,0.73,1,0,1,0,0,0,"","",4,3,1,0,2,0,1,0,2,0,3,3,2,2,1,1,-1,-1,47,53,0.74,1.02,3.00,50,50,50,50,50,0,0,18.00,3.00,2.55,2.90,2.70,1.59,2.80,5.60,0.00,2.40,1.56,Stade Saniat Rmel
1540580400,Oct 26 2018 - 7:00pm,complete,N/A,Difaâ El Jadida,Olympic Safi,N/A,3.00,0.50,1.53,1.00,0,0,0,0,0,0,"","",8,3,0,0,0,0,0,0,0,0,0,0,0,0,0,0,-1,-1,60,40,0.63,0.32,1.75,25,50,50,0,0,0,0,9.00,3.00,1.67,3.40,5.00,1.43,2.35,4.50,0.00,2.35,1.56,Stade Ben Ahmed El Abdi
1540652400,Oct 27 2018 - 3:00pm,complete,N/A,FAR Rabat,Khouribga,N/A,0.00,0.00,1.13,0.80,3,2,5,0,0,0,"","",3,2,1,0,2,0,0,1,1,1,6,3,4,3,2,0,-1,-1,49,51,1.19,0.84,1.50,25,25,25,0,0,0,0,6.00,6.00,1.83,3.25,4.00,0.00,0.00,0.00,0.00,0.00,0.00,Stade Municipal de Kénitra
1540652400,Oct 27 2018 - 3:00pm,complete,N/A,Chabab Rif Hoceima,Kawkab Marrakech,N/A,0.00,1.50,1.33,0.60,1,0,1,0,0,0,"","",3,5,4,0,2,0,0,4,0,2,12,8,4,5,8,3,-1,-1,40,60,1.66,1.43,3.00,50,50,50,50,50,0,0,6.00,1.50,2.40,2.95,2.90,0.00,0.00,0.00,0.00,0.00,0.00,Stade de football d'Imzouren (Imzouren)
1540659600,Oct 27 2018 - 5:00pm,complete,N/A,Rapide Oued Zem,Youssoufia Berrechid,N/A,3.00,1.00,1.80,1.07,2,0,2,0,0,0,"","",1,3,1,0,2,0,0,1,1,1,3,0,3,0,0,0,-1,-1,53,47,0.79,0.34,1.50,50,50,0,0,0,0,0,3.00,3.00,1.91,3.05,4.05,0.00,0.00,0.00,0.00,0.00,0.00,Stade Municipal (Oued Zem)
1540735200,Oct 28 2018 - 2:00pm,complete,N/A,Mouloudia Oujda,FUS Rabat,N/A,1.00,1.00,1.60,1.00,3,2,5,0,0,0,"","",4,2,4,0,4,0,0,4,1,3,10,10,5,6,5,4,-1,-1,40,60,1.48,1.76,1.50,75,75,0,0,0,0,0,8.00,2.50,3.60,3.00,2.05,1.47,2.45,4.75,0.00,2.20,1.62,Stade Municipal de Berkane
1540742400,Oct 28 2018 - 4:00pm,complete,N/A,Hassania Agadir,Ittihad Tanger,N/A,3.00,0.50,1.93,1.33,0,1,1,0,0,0,"","",8,5,2,0,1,0,1,1,0,1,0,2,0,2,0,0,-1,-1,60,40,0.57,0.65,1.25,25,25,0,0,0,0,0,12.00,1.50,2.15,2.85,3.60,1.53,2.65,5.20,0.00,2.35,1.57,Stade d'Agadir
1541253600,Nov 3 2018 - 2:00pm,complete,N/A,Kawkab Marrakech,Hassania Agadir,N/A,2.33,1.33,1.40,1.07,0,2,2,0,0,0,"","",3,3,0,0,0,0,0,0,0,0,0,3,0,3,0,0,-1,-1,47,53,0.00,0.00,1.84,50,50,34,17,0,0,0,10.00,4.34,3.00,2.85,2.40,1.47,2.45,4.75,0.00,2.20,1.65,Stade de Marrakech
1541269800,Nov 3 2018 - 6:30pm,complete,N/A,FUS Rabat,Moghreb Tétouan,N/A,1.67,0.33,1.53,0.80,0,1,1,0,0,0,"","",6,6,4,0,1,0,0,4,1,0,6,5,3,3,3,2,-1,-1,61,39,0.90,0.66,2.17,67,84,33,0,0,0,0,4.33,3.33,1.61,3.30,5.60,1.49,2.55,4.90,0.00,2.55,1.48,Stade du FUS (Hay Nahda) (Rabat)
1541340000,Nov 4 2018 - 2:00pm,complete,N/A,Youssoufia Berrechid,Khouribga,N/A,2.00,0.00,1.53,0.80,2,0,2,0,0,0,"","",7,4,1,0,2,0,0,1,2,0,8,6,5,0,3,6,-1,-1,53,47,1.34,0.83,1.75,34,34,34,17,17,0,0,3.00,2.83,2.35,2.90,3.00,1.54,2.65,5.25,0.00,2.30,1.59,Stade Municipal de Berrechid
1541347200,Nov 4 2018 - 4:00pm,complete,N/A,Rapide Oued Zem,Mouloudia Oujda,N/A,3.00,0.33,1.80,0.73,1,1,2,0,0,0,"","",6,2,1,0,2,0,0,1,0,2,12,12,4,3,8,9,-1,-1,54,46,1.58,1.48,2.09,34,75,17,17,0,0,0,5.00,2.50,2.00,3.05,3.70,1.50,2.55,5.00,0.00,2.35,1.57,Stade Municipal (Oued Zem)
1541354400,Nov 4 2018 - 6:00pm,complete,N/A,Olympic Safi,Chabab Rif Hoceima,N/A,3.00,0.33,2.00,0.47,1,1,2,0,0,0,"","",2,2,4,0,1,0,0,4,0,1,3,2,2,2,1,0,-1,-1,56,44,0.70,0.63,2.67,50,67,50,17,17,0,0,6.33,5.00,2.00,3.05,3.75,1.51,2.60,5.10,0.00,2.35,1.57,Stade El Massira
1541523600,Nov 6 2018 - 5:00pm,complete,N/A,RSB Berkane,FAR Rabat,N/A,1.00,2.00,1.87,1.07,2,1,3,0,0,0,"","",5,2,1,0,1,0,0,1,0,1,9,9,3,4,6,5,-1,-1,48,52,1.21,1.00,1.75,50,50,25,25,25,0,0,10.00,0.00,2.50,2.70,3.00,1.54,2.65,5.25,0.00,2.30,1.59,Stade Municipal de Berkane
1541610000,Nov 7 2018 - 5:00pm,complete,N/A,Ittihad Tanger,Raja Casablanca,N/A,1.00,1.00,1.33,1.60,1,1,2,0,0,0,"","",6,6,3,0,3,0,0,3,1,2,11,11,4,3,7,8,-1,-1,48,52,1.52,1.32,2.00,100,100,0,0,0,0,0,13.33,3.67,2.50,2.80,2.90,1.53,2.65,5.20,0.00,2.25,1.61,Grand Stade de Tanger
1541786400,Nov 9 2018 - 6:00pm,complete,N/A,Hassania Agadir,Olympic Safi,N/A,1.50,0.67,1.93,1.00,3,0,3,0,0,0,"","",4,1,4,0,2,0,2,2,1,1,12,8,5,5,7,3,-1,-1,53,47,0.00,0.00,1.00,0,17,17,0,0,0,0,11.17,2.17,1.77,3.00,5.20,1.59,2.85,5.70,0.00,2.70,1.43,Stade d'Agadir
1541858400,Nov 10 2018 - 2:00pm,complete,N/A,Mouloudia Oujda,Youssoufia Berrechid,N/A,1.67,0.50,1.60,1.07,0,1,1,0,0,0,"","",8,3,1,0,4,0,1,0,2,2,13,8,5,5,8,3,-1,-1,49,51,1.87,1.27,2.17,59,84,17,17,17,0,0,7.17,3.17,2.05,2.95,3.60,1.59,2.85,5.70,0.00,2.50,1.51,Stade Municipal de Berkane
1541865600,Nov 10 2018 - 4:00pm,complete,N/A,Moghreb Tétouan,Rapide Oued Zem,N/A,1.50,0.67,1.47,0.67,1,1,2,0,0,0,"","",11,3,1,0,5,0,1,0,2,3,17,7,6,5,11,2,-1,-1,51,49,2.27,1.09,2.34,59,59,25,25,25,0,0,9.50,4.17,2.10,2.80,3.70,1.74,3.30,6.85,0.00,2.80,1.41,Stade Saniat Rmel
1541872800,Nov 10 2018 - 6:00pm,complete,N/A,Difaâ El Jadida,FUS Rabat,N/A,2.33,0.50,1.53,1.00,1,2,3,0,0,0,"","",8,1,1,0,4,0,0,1,1,3,8,5,3,3,5,2,-1,-1,63,37,1.31,0.85,2.42,67,67,42,25,25,0,0,8.50,4.33,1.83,3.00,4.50,1.45,2.40,4.65,0.00,2.30,1.59,Stade Ben Ahmed El Abdi
1541944800,Nov 11 2018 - 2:00pm,complete,N/A,FAR Rabat,Ittihad Tanger,N/A,1.00,1.33,1.13,1.33,0,0,0,0,0,0,"","",3,2,0,0,0,0,0,0,0,0,18,6,4,2,14,4,-1,-1,63,37,2.02,0.98,1.83,33,33,17,17,17,0,0,8.67,3.34,2.35,2.85,3.15,1.49,2.55,4.90,0.00,2.25,1.62,Stade du FUS (Belvédère) (Rabat)
1541944800,Nov 11 2018 - 2:00pm,complete,N/A,Raja Casablanca,Kawkab Marrakech,N/A,3.00,1.00,2.07,0.60,2,0,2,0,0,0,"","",7,2,4,0,1,0,3,1,0,1,13,17,7,7,6,10,-1,-1,50,50,1.75,2.21,4.17,17,67,67,67,67,0,0,9.67,3.33,1.57,3.65,5.40,1.30,1.95,3.45,0.00,2.05,1.74,Stade Mohamed V
1541944800,Nov 11 2018 - 2:00pm,complete,N/A,Chabab Rif Hoceima,Wydad Casablanca,N/A,1.00,0.00,1.33,1.33,2,1,3,0,0,0,"","",3,3,2,0,2,0,1,1,2,0,11,10,5,8,6,2,-1,-1,50,50,1.60,1.88,2.67,67,67,67,17,17,0,0,9.00,5.67,4.35,3.20,1.80,1.44,2.40,4.55,0.00,2.30,1.59,Stade de football d'Imzouren (Imzouren)
1541952000,Nov 11 2018 - 4:00pm,complete,N/A,Khouribga,RSB Berkane,N/A,2.33,1.50,1.60,0.73,2,2,4,0,0,0,"","",7,2,1,0,3,0,0,1,2,1,14,6,7,5,7,1,-1,-1,62,38,2.30,1.21,1.84,50,50,34,0,0,0,0,7.67,4.50,2.70,2.70,2.75,1.49,2.55,4.90,0.00,2.20,1.65,Stade du Phosphate
1542466800,Nov 17 2018 - 3:00pm,complete,N/A,Hassania Agadir,Raja Casablanca,N/A,2.00,1.00,1.93,1.60,0,0,0,0,0,0,"","",7,4,0,0,0,0,0,0,0,0,9,4,0,2,9,2,-1,-1,52,48,1.06,0.86,1.84,50,67,17,0,0,0,0,13.33,4.83,2.15,2.90,3.40,1.48,2.50,4.80,0.00,2.20,1.62,Stade d'Agadir
1542897000,Nov 22 2018 - 2:30pm,complete,N/A,Wydad Casablanca,Youssoufia Berrechid,N/A,3.00,1.33,2.60,1.07,3,2,5,0,0,0,"","",5,8,4,0,1,0,0,4,0,1,6,5,5,4,1,1,-1,-1,48,52,1.22,1.13,1.84,17,84,0,0,0,0,0,6.67,4.33,1.61,3.40,5.55,1.40,2.25,4.20,0.00,2.30,1.59,Stade Mohamed V
1542996000,Nov 23 2018 - 6:00pm,complete,N/A,Ittihad Tanger,Khouribga,N/A,1.00,0.00,1.33,0.80,0,0,0,0,0,0,"","",3,3,0,0,0,0,0,0,0,0,9,4,4,2,5,2,-1,-1,56,44,1.36,0.83,2.38,75,88,25,13,13,0,0,8.00,4.25,1.74,3.30,4.50,0.00,0.00,0.00,0.00,0.00,0.00,Grand Stade de Tanger
1543068000,Nov 24 2018 - 2:00pm,complete,N/A,Kawkab Marrakech,FAR Rabat,N/A,1.75,1.33,1.40,1.07,0,0,0,0,0,0,"","",2,7,0,0,0,0,0,0,0,0,19,10,2,3,17,7,-1,-1,49,51,1.68,1.13,2.71,71,84,59,29,17,0,0,8.00,2.33,3.30,3.05,2.10,0.00,0.00,0.00,0.00,0.00,0.00,Stade de Marrakech
1543154400,Nov 25 2018 - 2:00pm,complete,N/A,Mouloudia Oujda,Moghreb Tétouan,N/A,1.25,1.00,1.60,0.80,1,0,1,0,0,0,"","",0,9,3,1,2,0,1,3,0,2,7,12,3,6,4,6,-1,-1,50,50,0.73,1.56,1.88,50,50,25,13,13,0,0,8.75,2.75,2.55,2.80,2.85,0.00,0.00,0.00,0.00,0.00,0.00,Complexe Sportif de Fès
1543154400,Nov 25 2018 - 2:00pm,complete,N/A,Youssoufia Berrechid,RSB Berkane,N/A,2.33,1.33,1.53,0.73,1,0,1,0,0,0,"","",4,4,2,0,3,0,0,2,2,1,8,7,4,4,4,3,-1,-1,43,57,0.99,1.01,1.50,17,33,17,17,0,0,0,7.00,3.34,3.00,2.75,2.40,0.00,0.00,0.00,0.00,0.00,0.00,Stade Municipal de Berrechid
1543161600,Nov 25 2018 - 4:00pm,complete,N/A,Rapide Oued Zem,Difaâ El Jadida,N/A,2.33,1.50,1.80,1.07,1,1,2,0,0,0,"","",8,3,0,0,4,0,0,0,1,3,18,12,6,3,12,9,-1,-1,50,50,2.42,1.46,1.84,42,59,25,0,0,0,0,5.17,3.33,2.80,2.80,2.50,0.00,0.00,0.00,0.00,0.00,0.00,Stade Municipal (Oued Zem)
1543255200,Nov 26 2018 - 6:00pm,complete,N/A,Wydad Casablanca,FUS Rabat,N/A,3.00,1.33,2.60,1.00,3,0,3,0,0,0,"","",5,2,1,0,3,0,1,0,2,1,16,9,10,0,6,9,-1,-1,50,50,2.26,1.09,3.42,75,100,59,42,42,0,0,6.50,6.33,1.95,3.15,3.70,1.41,2.25,4.25,0.00,2.10,1.69,Stade Mohamed V
1543413600,Nov 28 2018 - 2:00pm,complete,N/A,Moghreb Tétouan,Youssoufia Berrechid,N/A,1.33,1.00,1.47,1.07,2,0,2,0,0,0,"","",2,3,4,0,2,0,2,2,0,2,11,11,7,5,4,6,-1,-1,50,50,1.53,1.65,2.59,59,71,29,29,29,0,0,12.67,2.67,2.10,2.90,3.65,1.62,2.95,5.95,0.00,2.55,1.49,Stade Saniat Rmel
1543500000,Nov 29 2018 - 2:00pm,complete,N/A,Rapide Oued Zem,Wydad Casablanca,N/A,2.00,0.00,1.80,1.33,0,0,0,0,0,0,"","",7,3,0,0,0,0,0,0,0,0,9,7,2,2,7,5,-1,-1,57,43,1.43,1.10,2.38,75,88,50,0,0,0,0,8.50,4.00,3.45,2.90,2.15,1.56,2.70,5.40,0.00,2.40,1.54,Stade Municipal (Oued Zem)
1543510800,Nov 29 2018 - 5:00pm,complete,N/A,FUS Rabat,Chabab Rif Hoceima,N/A,1.25,0.50,1.53,0.47,0,0,0,0,0,0,"","",5,0,0,0,0,0,0,0,0,0,8,7,2,0,6,7,-1,-1,57,43,1.23,0.71,2.63,63,88,38,13,13,0,0,5.75,4.75,1.67,3.15,5.50,1.59,2.85,5.70,0.00,2.75,1.43,Stade du FUS (Hay Nahda) (Rabat)
1543672800,Dec 1 2018 - 2:00pm,complete,N/A,FAR Rabat,Olympic Safi,N/A,1.00,0.50,1.13,1.00,2,3,5,0,0,0,"","",7,2,2,0,2,0,1,1,1,1,4,4,3,4,1,0,-1,-1,64,36,1.06,0.80,1.63,13,38,38,13,13,0,0,6.50,3.00,1.91,2.90,4.30,1.45,2.40,4.65,0.00,2.25,1.61,Stade Prince Moulay Abdallah
1543680000,Dec 1 2018 - 4:00pm,complete,N/A,Khouribga,Kawkab Marrakech,N/A,2.00,0.75,1.60,0.60,1,0,1,0,0,0,"","",5,6,2,0,2,0,1,1,0,2,3,3,2,2,1,1,-1,-1,47,53,0.69,0.84,2.63,63,75,50,25,13,0,0,7.00,3.00,1.95,3.20,3.75,1.41,2.25,4.25,0.00,2.15,1.67,Stade du Phosphate
1543759200,Dec 2 2018 - 2:00pm,complete,N/A,Moghreb Tétouan,Wydad Casablanca,N/A,1.75,0.33,1.47,1.33,1,1,2,0,0,0,"","",5,6,0,0,0,0,0,0,0,0,7,7,3,3,4,4,-1,-1,50,50,1.09,1.22,2.25,59,71,46,13,13,0,0,11.00,3.50,2.90,2.90,2.45,1.54,2.70,5.30,0.00,2.30,1.59,Stade Saniat Rmel
1543766400,Dec 2 2018 - 4:00pm,complete,N/A,Difaâ El Jadida,Mouloudia Oujda,N/A,1.75,0.50,1.53,0.73,1,0,1,0,0,0,"","",7,3,3,0,1,0,1,2,0,1,12,8,5,3,7,5,-1,-1,50,50,1.70,1.24,2.13,63,75,38,13,0,0,0,10.00,2.50,1.45,3.70,6.90,1.43,2.35,4.40,0.00,2.70,1.44,Stade Ben Ahmed El Abdi
1543932000,Dec 4 2018 - 2:00pm,complete,N/A,Chabab Rif Hoceima,Rapide Oued Zem,N/A,1.50,0.75,1.33,0.67,2,2,4,0,0,0,"","",2,6,2,2,3,0,1,3,3,0,4,4,3,4,1,0,-1,-1,38,62,0.83,1.09,2.13,63,63,25,13,13,0,0,5.25,5.75,2.35,2.80,3.10,1.69,3.15,6.45,0.00,2.60,1.47,Stade de football d'Imzouren (Imzouren)
1544025600,Dec 5 2018 - 4:00pm,complete,N/A,Wydad Casablanca,Difaâ El Jadida,N/A,3.00,1.33,2.60,1.07,3,0,3,0,0,0,"","",4,5,1,0,0,0,0,1,0,0,5,3,4,0,1,3,-1,-1,57,43,1.18,0.68,2.67,50,84,50,17,17,0,0,7.34,5.00,1.91,2.80,4.20,1.41,2.30,4.25,0.00,2.15,1.57,Stade Mohamed V
1544200200,Dec 7 2018 - 4:30pm,complete,N/A,FUS Rabat,Raja Casablanca,N/A,1.20,1.00,1.53,1.60,1,0,1,0,0,0,"","",0,3,5,1,2,0,0,6,0,2,5,12,2,5,3,7,-1,-1,40,60,0.74,1.83,1.47,54,64,10,0,0,0,0,9.40,3.67,2.75,2.90,2.55,1.53,2.65,5.20,0.00,2.25,1.61,Stade Prince Moulay Abdallah
1544277600,Dec 8 2018 - 2:00pm,complete,N/A,Kawkab Marrakech,RSB Berkane,N/A,1.60,1.00,1.40,0.73,0,0,0,0,0,0,"","",6,1,0,0,0,0,0,0,0,0,10,6,7,3,3,3,-1,-1,49,51,1.57,1.03,1.98,43,53,33,23,0,0,0,7.60,4.35,3.05,2.85,2.35,1.57,2.80,5.60,0.00,2.45,1.53,Stade Municipal de Berrechid
1544284800,Dec 8 2018 - 4:00pm,complete,N/A,Olympic Safi,Khouribga,N/A,2.50,0.20,2.00,0.80,1,1,2,0,0,0,"","",7,1,1,0,2,1,0,1,3,0,23,6,10,3,13,3,-1,-1,47,53,3.15,0.99,1.98,45,55,33,10,10,0,0,5.60,4.55,2.20,2.85,3.40,1.56,2.70,5.35,0.00,2.30,1.57,Stade El Massira
1544364000,Dec 9 2018 - 2:00pm,complete,N/A,Youssoufia Berrechid,Ittihad Tanger,N/A,2.50,1.25,1.53,1.33,1,2,3,0,0,0,"","",4,3,2,0,1,0,1,1,0,1,10,5,3,4,7,1,-1,-1,59,41,1.44,1.03,1.00,13,25,0,0,0,0,0,7.50,1.50,2.60,2.70,2.90,1.67,3.05,6.20,0.00,2.50,1.50,Stade Municipal de Berrechid
1544371200,Dec 9 2018 - 4:00pm,complete,N/A,Wydad Casablanca,FAR Rabat,N/A,3.00,1.25,2.60,1.07,1,0,1,0,0,0,"","",3,3,3,0,4,0,0,3,1,3,11,15,4,5,7,10,-1,-1,50,50,1.45,1.81,2.63,38,75,63,25,25,0,0,9.25,2.25,1.61,3.55,5.20,1.34,2.10,3.75,0.00,2.10,1.69,Stade Mohamed V
1544371200,Dec 9 2018 - 4:00pm,complete,N/A,Rapide Oued Zem,Hassania Agadir,N/A,1.80,1.75,1.80,1.07,0,1,1,0,0,0,"","",5,1,2,0,2,0,1,1,1,1,0,3,0,3,0,0,-1,-1,53,47,0.62,0.72,1.20,20,43,0,0,0,0,0,9.60,2.05,2.80,2.60,2.80,1.71,3.25,6.70,0.00,2.60,1.47,Stade Municipal (Oued Zem)
1544450400,Dec 10 2018 - 2:00pm,complete,N/A,Mouloudia Oujda,Chabab Rif Hoceima,N/A,1.60,0.60,1.60,0.47,1,0,1,0,0,0,"","",2,3,3,0,2,0,2,1,1,1,19,9,6,3,13,6,-1,-1,51,49,2.39,1.42,2.20,50,60,30,20,20,0,0,6.60,4.00,2.40,2.80,3.10,1.59,2.85,5.70,0.00,2.40,1.54,Stade Municipal (Oujda)
1544461200,Dec 10 2018 - 5:00pm,complete,N/A,Moghreb Tétouan,Difaâ El Jadida,N/A,1.60,1.00,1.47,1.07,0,0,0,0,0,0,"","",6,7,0,0,0,0,0,0,0,0,3,3,2,0,1,3,-1,-1,48,52,0.73,0.72,2.33,55,78,35,10,10,0,0,9.85,3.20,2.55,2.85,2.80,1.56,2.75,5.45,0.00,2.30,1.59,Stade Saniat Rmel
1544882400,Dec 15 2018 - 2:00pm,complete,N/A,Chabab Rif Hoceima,Moghreb Tétouan,N/A,1.40,0.80,1.33,0.80,1,4,5,0,0,0,"","",12,3,3,0,3,0,1,2,1,2,10,9,4,5,6,4,-1,-1,68,32,1.77,1.33,2.20,50,50,40,20,10,0,0,7.20,4.00,2.55,2.80,2.85,1.56,2.70,5.35,0.00,2.40,1.56,Stade de football d'Imzouren (Imzouren)
1544968800,Dec 16 2018 - 2:00pm,complete,N/A,FAR Rabat,FUS Rabat,N/A,0.80,1.00,1.13,1.00,2,0,2,0,0,0,"","",4,3,2,0,1,0,1,1,0,1,13,9,5,2,8,7,-1,-1,55,45,1.59,1.17,2.83,58,70,58,33,33,0,0,6.20,5.25,2.05,2.85,3.75,1.53,2.65,5.20,0.00,2.35,1.57,Stade Prince Moulay Abdallah
1544976000,Dec 16 2018 - 4:00pm,complete,N/A,Difaâ El Jadida,Youssoufia Berrechid,N/A,2.00,0.80,1.53,1.07,0,1,1,0,0,0,"","",3,3,4,0,2,0,2,2,1,1,9,6,3,5,6,1,-1,-1,65,35,1.36,1.13,2.00,40,60,30,10,10,0,0,10.40,3.60,1.91,3.10,3.95,1.49,2.50,4.90,0.00,2.35,1.57,Stade Ben Ahmed El Abdi
1545148800,Dec 18 2018 - 4:00pm,complete,N/A,RSB Berkane,Olympic Safi,N/A,1.67,1.00,1.87,1.00,3,2,5,0,0,0,"","",2,2,2,0,5,0,1,1,3,2,12,6,6,3,6,3,-1,-1,53,47,1.72,0.94,1.94,44,64,47,10,10,0,0,7.80,1.53,1.80,3.10,4.50,1.61,2.90,5.80,0.00,2.65,1.45,Stade Municipal de Berkane
1545152400,Dec 18 2018 - 5:00pm,complete,N/A,Hassania Agadir,Mouloudia Oujda,N/A,1.75,0.40,1.93,0.73,1,0,1,0,0,0,"","",4,4,2,0,0,0,0,2,0,0,16,10,6,4,10,6,-1,-1,57,43,2.02,1.38,1.73,30,53,23,10,0,0,0,9.90,2.95,1.65,3.05,5.85,1.47,2.45,4.70,0.00,2.35,1.57,Stade d'Agadir
1545231600,Dec 19 2018 - 3:00pm,complete,N/A,Khouribga,Wydad Casablanca,N/A,2.20,0.50,1.60,1.33,0,1,1,0,0,0,"","",4,3,2,0,1,0,1,1,1,0,10,10,5,7,5,3,-1,-1,42,58,1.49,1.54,2.30,78,78,55,10,0,0,0,8.50,3.30,3.50,3.00,2.05,1.41,2.30,4.25,0.00,2.05,1.71,Stade du Phosphate
1545242400,Dec 19 2018 - 6:00pm,complete,N/A,Ittihad Tanger,Kawkab Marrakech,N/A,1.00,0.60,1.33,0.60,1,1,2,0,0,0,"","",6,3,2,0,4,0,1,1,1,3,9,17,5,6,4,11,-1,-1,59,41,1.74,2.08,1.80,50,60,10,10,10,0,0,8.80,3.00,2.25,2.85,3.25,1.67,3.05,6.20,0.00,2.55,1.49,Grand Stade de Tanger
1545246000,Dec 19 2018 - 7:00pm,complete,N/A,Raja Casablanca,Rapide Oued Zem,N/A,3.00,0.80,2.07,0.67,3,2,5,0,0,0,"","",3,7,5,0,6,1,1,4,4,3,18,21,7,15,11,6,-1,-1,52,48,2.06,2.93,3.10,40,90,35,35,25,0,0,9.50,6.80,1.54,3.40,6.15,1.43,2.35,4.45,0.00,2.50,1.50,Stade Mohamed V
1545498000,Dec 22 2018 - 5:00pm,complete,N/A,Difaâ El Jadida,Chabab Rif Hoceima,N/A,1.67,0.50,1.53,0.47,1,0,1,0,0,0,"","",4,5,2,0,4,0,0,2,2,2,13,12,3,7,10,5,-1,-1,53,47,1.59,1.74,1.92,42,50,33,9,9,0,0,8.33,3.83,1.61,3.35,5.65,1.43,2.35,4.40,0.00,2.35,1.56,Stade Ben Ahmed El Abdi
1545573600,Dec 23 2018 - 2:00pm,complete,N/A,Youssoufia Berrechid,Kawkab Marrakech,N/A,2.00,0.67,1.53,0.60,2,0,2,0,0,0,"","",0,4,3,0,5,0,1,2,4,1,3,2,3,0,0,2,-1,-1,51,49,0.80,0.71,1.70,27,45,19,9,9,0,0,7.07,3.03,2.20,2.85,3.35,1.50,2.55,5.00,0.00,2.25,1.62,Stade Municipal de Berrechid
1545588000,Dec 23 2018 - 6:00pm,complete,N/A,FUS Rabat,Khouribga,N/A,1.50,0.33,1.53,0.80,2,1,3,0,0,0,"","",3,2,1,0,1,0,1,0,0,1,11,7,6,5,5,2,-1,-1,63,37,1.67,1.07,1.84,42,59,25,9,9,0,0,5.16,5.00,1.91,2.95,4.25,1.57,2.75,5.50,0.00,2.45,1.51,Stade du FUS (Hay Nahda) (Rabat)
1545670800,Dec 24 2018 - 5:00pm,complete,N/A,Rapide Oued Zem,FAR Rabat,N/A,1.50,1.00,1.80,1.07,1,1,2,0,0,0,"","",6,6,3,0,4,0,1,2,1,3,13,13,8,4,5,9,-1,-1,50,50,1.94,1.55,1.57,37,45,20,10,10,0,0,9.07,2.00,2.85,2.70,2.60,1.61,2.90,5.80,0.00,2.40,1.54,Stade Municipal (Oued Zem)
1545832800,Dec 26 2018 - 2:00pm,complete,N/A,Wydad Casablanca,Hassania Agadir,N/A,3.00,2.00,2.60,1.07,2,1,3,0,0,0,"","",9,4,3,0,2,0,0,3,1,1,8,4,4,2,4,2,-1,-1,52,48,1.33,0.73,1.90,10,50,30,10,10,0,0,8.40,3.60,2.00,2.95,3.80,1.53,2.65,5.20,0.00,2.35,1.57,Stade Père-Jégo
1545832800,Dec 26 2018 - 2:00pm,complete,N/A,Youssoufia Berrechid,Raja Casablanca,N/A,2.17,0.75,1.53,1.60,1,2,3,0,0,0,"","",4,6,1,0,3,0,0,1,1,2,8,14,6,10,2,4,-1,-1,46,54,1.13,1.81,1.38,34,50,9,0,0,0,0,8.08,3.25,3.45,2.75,2.25,1.62,2.95,5.90,0.00,2.50,1.51,Stade Municipal de Berrechid
1545840000,Dec 26 2018 - 4:00pm,complete,N/A,RSB Berkane,Difaâ El Jadida,N/A,2.00,1.00,1.87,1.07,1,1,2,0,0,0,"","",4,4,1,0,4,0,0,1,3,1,7,15,3,6,4,9,-1,-1,48,52,1.20,1.77,2.15,58,68,45,13,13,0,0,8.25,2.35,2.05,2.95,3.65,1.56,2.70,5.35,0.00,2.40,1.54,Stade Municipal de Berkane
1545843600,Dec 26 2018 - 5:00pm,complete,N/A,Olympic Safi,Ittihad Tanger,N/A,2.20,1.60,2.00,1.33,1,0,1,0,0,0,"","",2,0,3,0,0,0,1,2,0,0,3,0,3,0,0,0,-1,-1,50,50,0.78,0.43,1.60,50,50,20,0,0,0,0,7.80,3.00,2.75,2.70,2.75,1.62,2.95,5.90,0.00,2.45,1.53,Stade El Massira
1546178400,Dec 30 2018 - 2:00pm,complete,N/A,Raja Casablanca,RSB Berkane,N/A,3.00,1.00,2.07,0.73,1,1,2,0,0,0,"","",4,4,3,1,4,0,1,3,3,1,10,22,4,11,6,11,-1,-1,50,50,1.41,2.78,2.87,27,60,44,44,34,0,0,8.73,5.87,1.80,3.15,4.45,1.43,2.35,4.40,0.00,2.20,1.62,Stade Père-Jégo
1546180200,Dec 30 2018 - 2:30pm,complete,N/A,Hassania Agadir,FUS Rabat,N/A,2.00,0.80,1.93,1.00,0,0,0,0,0,0,"","",4,2,0,0,0,0,0,0,0,0,9,6,4,0,5,6,-1,-1,49,51,1.45,0.65,2.10,30,60,40,10,10,0,0,8.20,4.60,2.00,3.05,3.65,1.51,2.60,5.10,0.00,2.30,1.59,Stade Ahmed Fana
1546437600,Jan 2 2019 - 2:00pm,complete,N/A,Wydad Casablanca,RSB Berkane,N/A,3.00,1.00,2.60,0.73,0,0,0,0,0,0,"","",8,2,0,0,0,0,0,0,0,0,8,2,3,0,5,2,-1,-1,57,43,1.22,0.49,2.17,33,58,42,17,9,0,0,8.50,4.83,1.69,3.15,5.30,1.53,2.60,5.15,0.00,2.50,1.50,Stade Père-Jégo
1546437600,Jan 2 2019 - 2:00pm,complete,N/A,Mouloudia Oujda,Raja Casablanca,N/A,1.83,1.20,1.60,1.60,1,1,2,0,0,0,"","",5,6,3,0,3,0,0,3,2,1,16,9,7,5,9,4,-1,-1,45,55,2.16,1.56,1.64,47,47,19,9,9,0,0,9.40,4.33,3.70,2.70,2.15,1.56,2.75,5.45,0.00,2.40,1.56,Stade d'Honneur d'Oujda
1546455600,Jan 2 2019 - 7:00pm,complete,N/A,Moghreb Tétouan,Hassania Agadir,N/A,1.50,1.67,1.47,1.07,1,2,3,0,0,0,"","",9,3,0,0,0,0,0,0,0,0,10,9,5,3,5,6,-1,-1,54,46,0.00,0.00,1.67,34,50,17,9,9,0,0,10.67,2.50,3.15,2.40,2.80,1.80,3.50,7.25,0.00,2.75,1.42,Stade Saniat Rmel
1546779600,Jan 6 2019 - 1:00pm,complete,N/A,Raja Casablanca,Wydad Casablanca,N/A,2.50,1.00,2.07,1.33,0,1,1,0,0,0,"","",5,8,3,1,3,1,2,2,0,4,8,7,2,4,6,3,-1,-1,46,54,1.16,1.34,2.78,55,80,45,25,25,0,0,9.20,5.40,3.05,2.65,2.50,1.54,2.65,5.25,0.00,2.25,1.61,Stade de Marrakech
1546880400,Jan 7 2019 - 5:00pm,complete,N/A,RSB Berkane,Ittihad Tanger,N/A,1.80,1.33,1.87,1.33,2,0,2,0,0,0,"","",7,5,1,0,1,0,0,1,0,1,7,2,3,0,4,2,-1,-1,49,51,1.15,0.61,1.87,57,57,29,10,10,0,0,7.53,1.30,2.50,2.65,3.15,1.71,3.20,6.55,0.00,2.60,1.48,Stade Municipal de Berkane
1547301600,Jan 12 2019 - 2:00pm,complete,N/A,Youssoufia Berrechid,Chabab Rif Hoceima,N/A,1.86,0.43,1.53,0.47,1,2,3,0,0,0,"","",4,2,2,0,5,0,0,2,1,4,12,9,7,5,5,4,-1,-1,65,35,1.90,1.31,1.93,36,57,29,7,7,0,0,5.71,3.57,1.77,3.05,4.85,1.54,2.65,5.30,0.00,2.50,1.50,Stade Municipal de Berrechid
1547308800,Jan 12 2019 - 4:00pm,complete,N/A,Khouribga,Rapide Oued Zem,N/A,1.83,0.67,1.60,0.67,2,2,4,0,0,0,"","",3,4,4,0,1,0,3,1,0,1,11,20,4,10,7,10,-1,-1,33,67,1.39,2.78,2.50,75,75,42,25,9,0,0,7.67,6.33,2.00,2.85,3.90,1.56,2.70,5.35,0.00,2.40,1.54,Stade du Phosphate
1547388000,Jan 13 2019 - 2:00pm,complete,N/A,Kawkab Marrakech,Olympic Safi,N/A,1.50,0.83,1.40,1.00,1,2,3,0,0,0,"","",1,4,0,0,0,0,0,0,0,0,10,14,6,4,4,10,-1,-1,67,33,0.00,0.00,2.25,42,67,50,25,17,0,0,6.67,3.16,2.30,2.65,3.50,1.67,3.05,6.20,0.00,2.50,1.50,Stade de Marrakech
1547488800,Jan 14 2019 - 6:00pm,complete,N/A,FAR Rabat,Mouloudia Oujda,N/A,1.17,0.33,1.13,0.73,1,1,2,0,0,0,"","",4,6,2,0,3,0,2,0,0,3,17,10,5,3,12,7,-1,-1,56,44,2.05,1.33,2.17,42,59,25,25,17,0,0,7.67,3.00,1.87,2.85,4.80,0.00,0.00,0.00,0.00,0.00,0.00,Stade Prince Moulay Abdallah
1547733600,Jan 17 2019 - 2:00pm,complete,N/A,Raja Casablanca,Moghreb Tétouan,N/A,2.00,1.17,2.07,0.80,1,1,2,0,0,0,"","",1,4,2,0,1,0,0,2,0,1,12,12,4,5,8,7,-1,-1,57,43,1.57,1.62,2.69,45,65,37,29,29,0,0,9.17,5.87,1.95,3.05,3.95,1.44,2.40,4.55,0.00,2.15,1.67,Stade Père-Jégo
1548252000,Jan 23 2019 - 2:00pm,complete,N/A,Raja Casablanca,FAR Rabat,N/A,1.83,1.00,2.07,1.07,2,1,3,0,0,0,"","",7,6,3,0,4,0,0,3,2,2,5,3,4,2,1,1,-1,-1,47,53,0.95,0.80,2.42,50,67,33,25,25,0,0,9.00,5.33,2.55,2.85,2.80,1.47,2.45,4.70,0.00,2.10,1.71,Stade de Marrakech
1548259200,Jan 23 2019 - 4:00pm,complete,N/A,RSB Berkane,FUS Rabat,N/A,2.00,0.83,1.87,1.00,0,0,0,0,0,0,"","",6,2,0,0,0,0,0,0,0,0,12,5,3,0,9,5,-1,-1,60,40,1.45,0.66,2.42,59,83,42,17,17,0,0,6.84,3.16,1.87,2.85,4.70,1.67,3.10,6.30,0.00,2.70,1.43,Stade Municipal de Berkane
1548266400,Jan 23 2019 - 6:00pm,complete,N/A,Hassania Agadir,Difaâ El Jadida,N/A,1.83,1.00,1.93,1.07,0,0,0,0,0,0,"","",8,2,0,0,0,0,0,0,0,0,19,8,5,4,14,4,-1,-1,62,38,2.30,1.21,1.42,25,42,25,0,0,0,0,9.67,3.50,2.10,2.85,3.65,1.54,2.65,5.25,0.00,2.30,1.59,Stade d'Agadir
1548352800,Jan 24 2019 - 6:00pm,complete,N/A,Ittihad Tanger,Wydad Casablanca,N/A,1.00,1.33,1.33,1.33,1,0,1,0,0,0,"","",4,10,3,0,3,0,0,3,0,3,6,8,3,5,3,3,-1,-1,39,61,0.90,1.50,1.67,67,67,17,0,0,0,0,10.00,3.67,3.15,2.70,2.40,1.67,3.10,6.30,0.00,2.50,1.50,Grand Stade de Tanger
1548511200,Jan 26 2019 - 2:00pm,complete,N/A,Mouloudia Oujda,Khouribga,N/A,1.71,0.29,1.60,0.80,1,0,1,0,0,0,"","",2,7,1,0,2,0,1,0,2,0,6,5,4,3,2,2,-1,-1,52,48,1.14,0.98,2.00,50,57,29,14,14,0,0,6.43,4.43,2.10,2.70,3.95,1.54,2.65,5.30,0.00,2.30,1.59,Stade Municipal (Oujda)
1548518400,Jan 26 2019 - 4:00pm,complete,N/A,Olympic Safi,Youssoufia Berrechid,N/A,2.33,1.17,2.00,1.07,0,3,3,0,0,0,"","",8,4,2,1,4,0,2,1,1,3,8,17,6,5,2,12,-1,-1,49,51,1.58,1.94,1.92,42,59,17,9,9,0,0,7.17,4.50,2.25,2.75,3.40,1.67,3.05,6.20,0.00,2.50,1.50,Stade El Massira
1548597600,Jan 27 2019 - 2:00pm,complete,N/A,Wydad Casablanca,Kawkab Marrakech,N/A,2.71,0.57,2.60,0.60,3,1,4,0,0,0,"","",12,3,1,0,5,0,0,1,0,5,16,7,8,3,8,4,-1,-1,52,48,2.55,1.07,2.22,29,64,36,14,14,0,0,9.14,4.29,1.47,3.50,7.50,1.47,2.45,4.70,0.00,2.65,1.44,Stade Ben Ahmed El Abdi
1548597600,Jan 27 2019 - 2:00pm,complete,N/A,Moghreb Tétouan,FAR Rabat,N/A,1.29,0.86,1.47,1.07,0,0,0,0,0,0,"","",3,9,0,0,0,0,0,0,0,0,2,3,0,0,2,3,-1,-1,47,53,0.49,0.68,2.07,57,64,36,14,14,0,0,11.72,2.72,2.80,2.70,2.70,1.57,2.75,5.50,0.00,2.30,1.59,Stade Saniat Rmel
1548604800,Jan 27 2019 - 4:00pm,complete,N/A,Rapide Oued Zem,RSB Berkane,N/A,1.43,1.00,1.80,0.73,2,1,3,0,0,0,"","",2,10,3,0,3,0,1,2,2,1,11,10,5,5,6,5,-1,-1,49,51,1.62,1.68,1.36,36,43,7,7,0,0,0,8.15,3.43,2.50,2.65,3.10,1.71,3.20,6.55,0.00,2.60,1.48,Stade Municipal (Oued Zem)
1548612000,Jan 27 2019 - 6:00pm,complete,N/A,FUS Rabat,Ittihad Tanger,N/A,1.71,1.14,1.53,1.33,0,2,2,0,0,0,"","",2,1,3,0,3,0,1,2,0,3,0,3,0,3,0,0,-1,-1,61,39,0.49,0.75,1.57,36,50,22,0,0,0,0,6.43,3.14,2.30,2.60,3.55,1.77,3.35,7.00,0.00,2.70,1.43,Stade du FUS (Hay Nahda) (Rabat)
1548684000,Jan 28 2019 - 2:00pm,complete,N/A,Chabab Rif Hoceima,Hassania Agadir,N/A,1.17,1.86,1.33,1.07,1,0,1,0,0,0,"","",4,5,4,1,2,0,1,4,1,1,3,4,3,3,0,1,-1,-1,44,56,0.80,1.01,2.37,48,55,48,25,17,0,0,8.33,3.96,2.55,2.70,2.95,1.61,2.90,5.80,0.00,2.40,1.56,Stade Mimoun Al Arsi
1548867600,Jan 30 2019 - 5:00pm,complete,N/A,Difaâ El Jadida,Raja Casablanca,N/A,1.86,1.17,1.53,1.60,2,4,6,0,0,0,"","",10,1,1,0,2,0,1,0,1,1,5,6,4,5,1,1,-1,-1,62,38,1.14,1.12,1.55,48,48,23,0,0,0,0,11.21,4.17,2.30,2.75,3.35,1.57,2.75,5.50,0.00,2.25,1.56,Stade Ben Ahmed El Abdi
1549116000,Feb 2 2019 - 2:00pm,complete,N/A,Moghreb Tétouan,Khouribga,N/A,1.25,0.25,1.47,0.80,0,2,2,0,0,0,"","",6,4,1,0,3,0,1,0,2,1,12,6,8,3,4,3,-1,-1,65,35,1.68,0.73,2.01,50,63,32,13,13,0,0,9.26,2.75,2.35,2.85,3.15,1.54,2.65,5.30,0.00,2.20,1.57,Stade Saniat Rmel
1549123200,Feb 2 2019 - 4:00pm,complete,N/A,Rapide Oued Zem,Ittihad Tanger,N/A,1.63,1.38,1.80,1.33,0,1,1,0,0,0,"","",2,5,2,0,0,0,1,1,0,0,12,2,4,2,8,0,-1,-1,62,38,1.49,0.59,1.57,38,57,13,0,0,0,0,7.75,2.38,2.30,2.55,3.55,1.65,3.00,6.05,0.00,2.40,1.50,Stade Municipal (Oued Zem)
1549130400,Feb 2 2019 - 6:00pm,complete,N/A,FUS Rabat,Kawkab Marrakech,N/A,1.50,0.50,1.53,0.60,1,0,1,0,0,0,"","",7,1,2,0,3,0,0,2,0,3,12,5,7,2,5,3,-1,-1,55,45,1.98,0.85,2.00,38,63,25,13,7,0,0,6.38,5.26,2.20,2.65,3.65,1.56,2.75,5.45,0.00,2.20,1.57,Stade du FUS (Hay Nahda) (Rabat)
1549202400,Feb 3 2019 - 2:00pm,complete,N/A,Difaâ El Jadida,FAR Rabat,N/A,1.63,0.88,1.53,1.07,1,3,4,0,0,0,"","",2,4,2,1,4,1,2,1,1,4,8,15,5,6,3,9,-1,-1,41,59,1.30,1.88,1.88,44,44,38,13,13,0,0,11.63,3.51,2.35,2.80,3.15,1.54,2.65,5.25,0.00,2.20,1.59,Stade Ben Ahmed El Abdi
1549548000,Feb 7 2019 - 2:00pm,complete,N/A,Wydad Casablanca,Olympic Safi,N/A,2.75,1.14,2.60,1.00,1,0,1,0,0,0,"","",4,1,5,1,5,0,1,5,3,2,20,4,7,2,13,2,-1,-1,67,33,2.55,0.83,2.67,41,73,67,27,21,0,0,9.11,3.45,1.34,3.85,9.00,1.38,2.20,4.15,0.00,2.50,1.47,Stade Père-Jégo
1549562400,Feb 7 2019 - 6:00pm,complete,N/A,Hassania Agadir,Youssoufia Berrechid,N/A,1.71,1.43,1.93,1.07,1,1,2,0,0,0,"","",2,4,1,0,0,0,0,1,0,0,11,8,4,5,7,3,-1,-1,48,52,1.49,1.41,1.58,15,43,22,7,7,0,0,9.71,3.58,1.83,2.90,4.85,1.62,2.95,5.90,0.00,2.60,1.43,Stade d'Agadir
1549648800,Feb 8 2019 - 6:00pm,complete,N/A,RSB Berkane,Moghreb Tétouan,N/A,1.86,1.14,1.87,0.80,2,0,2,0,0,0,"","",2,7,4,0,2,0,1,3,2,0,8,11,3,5,5,6,-1,-1,46,54,1.23,1.74,2.07,57,64,29,14,14,0,0,9.00,2.28,1.69,3.15,5.20,1.53,2.60,5.15,0.00,2.40,1.49,Stade Municipal de Berkane
1549720800,Feb 9 2019 - 2:00pm,complete,N/A,Kawkab Marrakech,Rapide Oued Zem,N/A,1.29,0.71,1.40,0.67,2,0,2,0,0,0,"","",3,2,1,0,0,0,1,0,0,0,6,16,5,8,1,8,-1,-1,47,53,1.20,2.36,2.43,72,79,43,29,7,0,0,7.28,5.14,2.40,2.65,3.30,1.62,2.95,5.90,0.00,2.35,1.51,Stade de Marrakech
1549728000,Feb 9 2019 - 4:00pm,complete,N/A,Khouribga,Difaâ El Jadida,N/A,1.71,1.00,1.60,1.07,2,1,3,0,0,0,"","",5,4,1,0,2,0,0,1,0,2,11,11,6,3,5,8,-1,-1,50,50,1.65,1.60,2.07,57,64,43,15,0,0,0,7.57,3.85,2.35,2.80,3.15,1.57,2.80,5.60,0.00,2.30,1.54,Stade du Phosphate
1549735200,Feb 9 2019 - 6:00pm,complete,N/A,FAR Rabat,Chabab Rif Hoceima,N/A,1.14,0.75,1.13,0.47,3,0,3,0,0,0,"","",2,5,0,0,0,0,0,0,0,0,13,12,8,3,5,9,-1,-1,55,45,1.91,1.59,2.27,47,60,34,21,21,0,0,6.77,4.50,1.57,3.45,5.70,1.44,2.40,4.55,0.00,2.35,1.50,Stade Prince Moulay Abdallah
1549818000,Feb 10 2019 - 5:00pm,complete,N/A,Ittihad Tanger,Mouloudia Oujda,N/A,1.29,0.43,1.33,0.73,3,2,5,0,0,0,"","",7,4,2,0,0,0,0,2,0,0,11,11,5,3,6,8,-1,-1,53,47,1.67,1.33,1.79,64,71,7,7,0,0,0,8.86,3.15,1.80,3.00,4.85,1.57,2.80,5.60,0.00,2.50,1.45,Grand Stade de Tanger
1549893600,Feb 11 2019 - 2:00pm,complete,N/A,Olympic Safi,FUS Rabat,N/A,2.00,0.86,2.00,1.00,3,3,6,0,0,0,"","",8,6,1,0,0,0,0,1,0,0,14,12,8,8,6,4,-1,-1,52,48,2.08,1.91,2.00,43,64,36,7,7,0,0,6.28,4.71,2.35,2.90,3.05,0.00,0.00,0.00,0.00,0.00,0.00,Stade El Massira
1550253600,Feb 15 2019 - 6:00pm,complete,N/A,Rapide Oued Zem,Olympic Safi,N/A,1.44,1.00,1.80,1.00,1,1,2,0,0,0,"","",10,1,1,0,4,0,1,0,0,4,23,6,6,2,17,4,-1,-1,47,53,2.56,0.73,2.03,41,60,37,13,13,0,0,6.85,3.56,1.87,3.05,4.30,1.54,2.65,5.30,0.00,2.35,1.50,Stade Municipal (Oued Zem)
1550325600,Feb 16 2019 - 2:00pm,complete,N/A,Moghreb Tétouan,Ittihad Tanger,N/A,1.11,1.56,1.47,1.33,1,1,2,0,0,0,"","",3,3,1,0,0,0,0,1,0,0,3,9,2,5,1,4,-1,-1,45,55,0.78,1.44,1.67,33,56,17,6,6,0,0,9.77,1.56,2.95,2.95,2.35,1.67,3.05,6.20,0.00,2.50,1.47,Stade Saniat Rmel
1550325600,Feb 16 2019 - 2:00pm,complete,N/A,Mouloudia Oujda,Kawkab Marrakech,N/A,1.88,0.44,1.60,0.60,2,1,3,0,0,0,"","",7,0,1,0,2,0,1,0,1,1,17,6,11,3,6,3,-1,-1,57,43,2.54,0.97,1.87,36,47,18,18,12,0,0,7.21,4.92,2.00,3.00,3.90,1.57,2.80,5.60,0.00,2.40,1.50,Stade d'Honneur d'Oujda
1550332800,Feb 16 2019 - 4:00pm,complete,N/A,Chabab Rif Hoceima,Khouribga,N/A,1.43,0.56,1.33,0.80,3,1,4,0,0,0,"","",5,5,1,0,2,0,0,1,0,2,16,13,7,4,9,9,-1,-1,49,51,2.07,1.75,2.49,51,62,45,27,20,0,0,7.29,5.25,2.35,2.80,3.10,1.57,2.75,5.50,0.00,2.40,1.50,Stade Mimoun Al Arsi
1550412000,Feb 17 2019 - 2:00pm,complete,N/A,Raja Casablanca,Youssoufia Berrechid,N/A,2.00,1.38,2.07,1.07,3,3,6,0,0,0,"","",5,7,2,0,2,0,0,2,1,1,10,21,6,4,4,17,-1,-1,47,53,1.70,2.24,2.63,48,81,34,21,21,0,0,8.46,5.71,1.61,3.40,5.45,1.47,2.45,4.70,0.00,2.40,1.50,Stade Père-Jégo
1550412000,Feb 17 2019 - 2:00pm,complete,N/A,FUS Rabat,Wydad Casablanca,N/A,1.67,1.14,1.53,1.33,0,1,1,0,0,0,"","",5,8,3,0,1,0,0,3,0,1,2,9,0,3,2,6,-1,-1,48,52,0.58,1.35,1.62,38,50,26,0,0,0,0,8.79,4.70,2.95,2.75,2.50,1.56,2.75,5.45,0.00,2.25,1.57,Stade Prince Moulay Abdallah
1550419200,Feb 17 2019 - 4:00pm,complete,N/A,Difaâ El Jadida,RSB Berkane,N/A,1.44,0.88,1.53,0.73,1,1,2,0,0,0,"","",3,10,2,0,0,0,1,1,0,0,11,9,5,2,6,7,-1,-1,50,50,1.59,1.32,1.86,41,41,35,18,6,0,0,9.91,4.36,2.55,2.60,3.05,1.62,2.95,5.90,0.00,2.35,1.51,Stade Ben Ahmed El Abdi
1550512800,Feb 18 2019 - 6:00pm,complete,N/A,Hassania Agadir,FAR Rabat,N/A,1.63,1.11,1.93,1.07,1,2,3,0,0,0,"","",1,7,3,0,4,0,3,0,2,2,15,14,4,5,11,9,-1,-1,49,51,1.76,1.82,1.50,35,41,29,11,6,0,0,10.72,3.36,2.45,2.70,3.05,1.71,3.25,6.70,0.00,2.55,1.43,Stade d'Agadir
1550671200,Feb 20 2019 - 2:00pm,complete,N/A,Mouloudia Oujda,RSB Berkane,N/A,2.00,0.89,1.60,0.73,1,0,1,0,0,0,"","",1,6,2,0,2,0,0,2,1,1,10,12,3,5,7,7,-1,-1,50,50,1.27,1.87,1.67,44,44,22,11,6,0,0,9.00,4.11,2.75,2.70,2.70,1.59,2.85,5.70,0.00,2.30,1.54,Stade d'Honneur d'Oujda
1550671200,Feb 20 2019 - 2:00pm,complete,N/A,Youssoufia Berrechid,Wydad Casablanca,N/A,1.63,1.38,1.53,1.33,1,2,3,0,0,0,"","",2,4,2,0,2,0,2,0,1,1,4,6,2,4,2,2,-1,-1,53,47,0.88,1.12,1.69,38,51,32,0,0,0,0,9.01,3.50,3.15,2.80,2.35,1.56,2.70,5.35,0.00,2.25,1.56,Stade Municipal de Berrechid
1550678400,Feb 20 2019 - 4:00pm,complete,N/A,Olympic Safi,Raja Casablanca,N/A,1.88,1.43,2.00,1.60,0,1,1,0,0,0,"","",5,10,2,0,2,0,0,2,0,2,11,23,2,10,9,13,-1,-1,50,50,1.14,2.77,2.34,61,67,34,14,14,0,0,9.49,4.64,3.05,2.90,2.35,1.43,2.35,4.40,0.00,2.00,1.71,Stade El Massira
1550930400,Feb 23 2019 - 2:00pm,complete,N/A,Kawkab Marrakech,Moghreb Tétouan,N/A,1.50,1.00,1.40,0.80,1,1,2,0,0,0,"","",1,8,0,0,0,0,0,0,0,0,3,4,2,3,1,1,-1,-1,61,39,0.00,0.00,2.07,50,69,32,13,7,0,0,8.00,2.76,2.10,2.70,3.90,1.56,2.70,5.35,0.00,2.30,1.54,Stade de Marrakech
1550944800,Feb 23 2019 - 6:00pm,complete,N/A,Ittihad Tanger,Difaâ El Jadida,N/A,1.50,0.88,1.33,1.07,0,2,2,0,0,0,"","",4,0,0,0,2,0,0,0,2,0,6,3,2,3,4,0,-1,-1,62,38,1.17,0.75,1.88,63,69,26,7,7,0,0,9.00,3.63,2.05,2.85,3.80,1.54,2.65,5.30,0.00,2.25,1.57,Grand Stade de Tanger
1551016800,Feb 24 2019 - 2:00pm,complete,N/A,Wydad Casablanca,Rapide Oued Zem,N/A,2.78,0.63,2.60,0.67,3,0,3,0,0,0,"","",10,1,2,0,2,1,1,1,2,1,7,0,5,0,2,0,-1,-1,60,40,1.34,0.34,2.60,54,78,47,30,12,0,0,9.50,5.94,1.48,3.65,6.65,1.38,2.20,4.10,0.00,2.30,1.53,Stade Père-Jégo
1551024000,Feb 24 2019 - 4:00pm,complete,N/A,Olympic Safi,Mouloudia Oujda,N/A,1.67,0.38,2.00,0.73,1,3,4,0,0,0,"","",7,5,1,1,1,0,0,2,0,1,13,16,4,7,9,9,-1,-1,52,48,1.74,2.02,2.30,54,66,29,18,12,0,0,8.55,3.57,2.40,2.65,3.20,1.56,2.70,5.35,0.00,2.15,1.59,Stade El Massira
1551103200,Feb 25 2019 - 2:00pm,complete,N/A,Youssoufia Berrechid,FUS Rabat,N/A,1.44,0.88,1.53,1.00,0,0,0,0,0,0,"","",4,3,0,0,0,0,0,0,0,0,2,2,0,0,2,2,-1,-1,61,39,0.68,0.51,2.32,47,71,47,13,13,0,0,5.63,3.31,2.50,2.75,2.95,1.56,2.75,5.45,0.00,2.25,1.56,Stade Municipal de Berrechid
1551283200,Feb 27 2019 - 4:00pm,complete,N/A,Khouribga,Hassania Agadir,N/A,1.88,1.63,1.60,1.07,0,0,0,0,0,0,"","",2,8,0,0,0,0,0,0,0,0,10,13,2,5,8,8,-1,-1,48,52,1.29,1.76,2.07,50,57,44,13,0,0,0,8.13,3.38,2.30,2.75,3.30,1.56,2.70,5.35,0.00,2.25,1.57,Stade du Phosphate
1551286800,Feb 27 2019 - 5:00pm,complete,N/A,FAR Rabat,Raja Casablanca,N/A,1.38,1.63,1.13,1.60,2,1,3,0,0,0,"","",2,6,3,1,4,0,0,4,1,3,7,5,3,3,4,2,-1,-1,46,54,1.03,1.05,2.26,51,63,32,19,19,0,0,9.38,3.88,2.15,2.95,3.35,1.48,2.50,4.80,0.00,2.10,1.62,Stade Prince Moulay Abdallah
1551290400,Feb 27 2019 - 6:00pm,complete,N/A,RSB Berkane,Chabab Rif Hoceima,N/A,2.00,0.67,1.87,0.47,2,0,2,0,0,0,"","",4,2,2,0,0,0,1,1,0,0,8,11,3,5,5,6,-1,-1,55,45,1.20,1.42,2.17,47,71,35,12,12,0,0,7.39,3.35,1.65,3.40,5.05,1.43,2.35,4.45,0.00,2.30,1.53,Stade Municipal de Berkane
1551362400,Feb 28 2019 - 2:00pm,complete,N/A,Moghreb Tétouan,Olympic Safi,N/A,1.10,1.00,1.47,1.00,0,0,0,0,0,0,"","",3,4,0,0,0,0,0,0,0,0,3,2,0,2,3,0,-1,-1,52,48,0.00,0.00,2.17,47,69,38,16,16,0,0,8.44,3.02,2.20,2.75,3.50,1.61,2.90,5.80,0.00,2.35,1.51,Stade Saniat Rmel
1551362400,Feb 28 2019 - 2:00pm,complete,N/A,Mouloudia Oujda,Wydad Casablanca,N/A,2.10,1.56,1.60,1.33,2,3,5,0,0,0,"","",5,3,2,0,1,0,1,1,0,1,10,5,4,4,6,1,-1,-1,52,48,1.61,1.07,1.69,42,42,27,5,5,0,0,9.57,4.10,3.60,2.75,2.15,1.54,2.65,5.30,0.00,2.20,1.57,Stade Municipal (Oujda)
1551535200,Mar 2 2019 - 2:00pm,complete,N/A,Rapide Oued Zem,FUS Rabat,N/A,1.40,0.89,1.80,1.00,1,0,1,0,0,0,"","",3,4,1,0,2,0,1,0,1,1,2,2,2,0,0,2,-1,-1,53,47,0.75,0.57,1.97,47,64,27,11,11,0,0,7.47,3.06,2.20,2.80,3.50,1.62,2.95,5.90,0.00,2.40,1.50,Stade Municipal (Oued Zem)
1551546000,Mar 2 2019 - 5:00pm,complete,N/A,Difaâ El Jadida,Kawkab Marrakech,N/A,1.40,0.40,1.53,0.60,1,1,2,0,0,0,"","",3,2,2,0,0,0,0,2,0,0,5,2,3,2,2,0,-1,-1,58,42,1.06,0.77,2.20,45,55,35,20,10,0,0,8.50,4.70,1.59,3.35,5.60,1.51,2.60,5.10,0.00,2.45,1.48,Stade Ben Ahmed El Abdi
1551621600,Mar 3 2019 - 2:00pm,complete,N/A,Chabab Rif Hoceima,Ittihad Tanger,N/A,1.63,1.50,1.33,1.33,2,3,5,0,0,0,"","",9,1,1,0,0,0,0,1,0,0,4,4,4,4,0,0,-1,-1,70,30,1.15,0.84,2.25,47,57,37,25,13,0,0,7.78,3.58,2.55,2.70,2.95,1.53,2.65,5.20,0.00,2.15,1.61,Stade Mimoun Al Arsi
1551628800,Mar 3 2019 - 4:00pm,complete,N/A,FAR Rabat,Youssoufia Berrechid,N/A,1.56,1.33,1.13,1.07,3,4,7,0,0,0,"","",6,2,1,1,2,1,0,2,0,3,4,6,4,6,0,0,-1,-1,60,40,1.07,1.22,2.56,44,73,39,22,22,0,0,7.78,4.11,1.74,3.25,4.65,1.38,2.20,4.10,0.00,2.05,1.69,Stade Prince Moulay Abdallah
1551708000,Mar 4 2019 - 2:00pm,complete,N/A,Wydad Casablanca,Moghreb Tétouan,N/A,2.80,1.00,2.60,0.80,2,1,3,0,0,0,"","",7,4,1,0,3,0,0,1,1,2,13,10,3,6,10,4,-1,-1,61,39,1.73,1.51,2.31,43,69,41,16,11,0,0,11.29,3.84,1.48,3.60,6.80,1.37,2.15,4.00,0.00,2.25,1.56,Stade Père-Jégo
1551880800,Mar 6 2019 - 2:00pm,complete,N/A,Raja Casablanca,Khouribga,N/A,1.88,0.50,2.07,0.80,2,3,5,0,0,0,"","",8,0,1,0,4,0,1,0,1,3,5,4,4,4,1,0,-1,-1,49,51,1.24,0.90,2.84,57,79,45,29,24,0,0,7.95,5.60,1.80,3.55,3.85,1.29,1.95,3.40,0.00,1.87,1.83,Stade Municipal de Berrechid
1551895200,Mar 6 2019 - 6:00pm,complete,N/A,Hassania Agadir,RSB Berkane,N/A,1.44,0.80,1.93,0.73,3,2,5,0,0,0,"","",4,5,3,1,4,0,1,3,0,4,13,7,10,3,3,4,-1,-1,46,54,1.88,1.08,1.36,31,37,21,5,0,0,0,9.90,3.44,2.95,2.65,2.60,1.71,3.25,6.70,0.00,2.55,1.44,Stade d'Agadir
1552068000,Mar 8 2019 - 6:00pm,complete,N/A,FUS Rabat,Mouloudia Oujda,N/A,1.50,0.67,1.53,0.73,0,1,1,0,0,0,"","",9,1,2,0,0,0,0,2,0,0,12,7,5,3,7,4,-1,-1,56,44,1.64,0.89,2.08,49,64,27,17,6,0,0,7.40,3.71,2.20,2.90,3.35,1.54,2.65,5.30,0.00,2.25,1.56,Stade du FUS (Hay Nahda) (Rabat)
1552140000,Mar 9 2019 - 2:00pm,complete,N/A,Youssoufia Berrechid,Rapide Oued Zem,N/A,1.40,0.56,1.53,0.67,1,1,2,0,0,0,"","",3,2,4,0,3,0,3,1,1,2,3,2,2,2,1,0,-1,-1,62,38,0.80,0.58,2.29,54,75,42,17,6,0,0,6.32,4.96,2.25,2.80,3.30,1.48,2.50,4.80,0.00,2.05,1.67,Stade Municipal de Berrechid
1552147200,Mar 9 2019 - 4:00pm,complete,N/A,Olympic Safi,Difaâ El Jadida,N/A,1.50,1.11,2.00,1.07,3,2,5,0,0,0,"","",3,1,2,0,2,1,1,1,0,3,4,3,4,3,0,0,-1,-1,51,49,0.98,0.77,2.09,47,64,37,10,5,0,0,8.23,4.28,2.60,2.65,2.90,1.56,2.70,5.35,0.00,2.20,1.59,Stade El Massira
1552154400,Mar 9 2019 - 6:00pm,complete,N/A,Kawkab Marrakech,Chabab Rif Hoceima,N/A,1.44,0.60,1.40,0.47,1,1,2,0,0,0,"","",9,8,1,0,3,0,0,1,0,3,3,2,2,2,1,0,-1,-1,56,44,0.80,0.67,2.15,48,74,37,11,5,0,0,6.02,3.00,2.00,3.00,3.75,1.50,2.55,5.00,0.00,2.20,1.59,Stade de Marrakech
1552226400,Mar 10 2019 - 2:00pm,complete,N/A,Khouribga,FAR Rabat,N/A,1.78,1.30,1.60,1.07,1,1,2,0,0,0,"","",4,3,0,0,2,0,0,0,1,1,2,4,2,3,0,1,-1,-1,51,49,0.74,0.85,2.22,64,64,53,21,5,0,0,9.18,4.08,2.55,2.90,2.75,1.43,2.35,4.45,0.00,2.00,1.71,Stade du Phosphate
1552492800,Mar 13 2019 - 4:00pm,complete,N/A,RSB Berkane,Raja Casablanca,N/A,2.11,1.44,1.87,1.60,3,7,10,0,0,0,"","",2,4,2,0,0,0,0,2,0,0,4,8,4,8,0,0,-1,-1,41,59,1.00,1.54,2.11,56,73,28,11,11,0,0,10.00,3.55,2.20,2.80,3.40,1.53,2.65,5.20,0.00,2.20,1.59,Stade Municipal de Berkane
1552500000,Mar 13 2019 - 6:00pm,complete,N/A,Ittihad Tanger,Hassania Agadir,N/A,1.33,1.56,1.33,1.07,1,0,1,0,0,0,"","",5,6,2,2,4,1,0,4,4,1,2,0,2,0,0,0,-1,-1,40,60,0.63,0.45,1.67,45,56,17,6,6,0,0,9.67,2.89,2.15,2.75,3.65,1.53,2.65,5.20,0.00,2.20,1.59,Grand Stade de Tanger
1552744800,Mar 16 2019 - 2:00pm,complete,N/A,Chabab Rif Hoceima,Olympic Safi,N/A,1.44,1.00,1.33,1.00,1,1,2,0,0,0,"","",11,2,1,0,2,0,0,1,0,2,16,12,8,2,8,10,-1,-1,65,35,2.14,1.22,2.71,54,64,59,38,27,0,0,7.49,4.67,2.00,3.00,3.70,1.49,2.50,4.90,0.00,2.20,1.57,Stade Mimoun Al Arsi
1552759200,Mar 16 2019 - 6:00pm,complete,N/A,Moghreb Tétouan,FUS Rabat,N/A,1.09,0.80,1.47,1.00,0,0,0,0,0,0,"","",6,1,0,0,0,0,0,0,0,0,7,9,2,4,5,5,-1,-1,54,46,1.20,1.41,1.97,43,62,29,15,15,0,0,8.53,2.33,2.40,2.75,3.10,1.57,2.80,5.60,0.00,2.30,1.54,Stade Saniat Rmel
1552834800,Mar 17 2019 - 3:00pm,complete,N/A,Mouloudia Oujda,Rapide Oued Zem,N/A,1.91,0.60,1.60,0.67,0,0,0,0,0,0,"","",5,6,0,0,0,0,0,0,0,0,10,10,5,6,5,4,-1,-1,53,47,1.64,1.67,2.35,58,68,34,24,14,0,0,7.10,5.59,2.05,2.90,3.70,1.53,2.65,5.20,0.00,2.25,1.57,Stade Municipal (Oujda)
1553698800,Mar 27 2019 - 3:00pm,complete,N/A,Khouribga,Youssoufia Berrechid,N/A,1.70,1.50,1.60,1.07,1,1,2,0,0,0,"","",3,1,2,0,1,0,1,1,1,0,8,4,6,4,2,0,-1,-1,47,53,1.37,1.06,2.70,60,75,45,25,15,0,0,7.70,3.80,2.25,3.00,3.10,1.41,2.30,4.25,0.00,1.95,1.74,Stade du Phosphate
1553713200,Mar 27 2019 - 7:00pm,complete,N/A,Hassania Agadir,Kawkab Marrakech,N/A,1.60,0.45,1.93,0.60,5,1,6,0,0,0,"","",5,2,0,0,0,0,0,0,0,0,11,5,9,4,2,1,-1,-1,61,39,0.00,0.00,1.89,38,52,29,14,10,0,0,7.81,4.16,1.83,3.05,4.40,1.51,2.60,5.10,0.00,2.30,1.54,Stade d'Agadir
1553792400,Mar 28 2019 - 5:00pm,complete,N/A,Difaâ El Jadida,Wydad Casablanca,N/A,1.36,1.70,1.53,1.33,1,1,2,0,0,0,"","",4,15,0,0,1,0,0,0,1,0,3,4,2,4,1,0,-1,-1,42,58,0.74,1.09,2.09,53,53,38,14,10,0,0,10.67,3.99,3.30,2.85,2.25,1.51,2.60,5.10,0.00,2.20,1.59,Stade Ben Ahmed El Abdi
1554127200,Apr 1 2019 - 2:00pm,complete,N/A,Wydad Casablanca,Chabab Rif Hoceima,N/A,2.82,0.64,2.60,0.47,6,1,7,0,0,0,"","",5,2,2,0,2,0,2,0,2,0,17,16,11,5,6,11,-1,-1,52,48,2.37,1.75,2.41,41,73,50,14,9,0,0,9.72,4.36,1.43,3.85,7.00,1.34,2.10,3.80,0.00,2.25,1.56,Stade Père-Jégo
1554138000,Apr 1 2019 - 5:00pm,complete,N/A,RSB Berkane,Khouribga,N/A,1.90,0.73,1.87,0.80,1,1,2,0,0,0,"","",5,3,2,1,1,0,1,2,1,0,9,5,3,2,6,3,-1,-1,63,37,1.50,0.84,2.68,53,77,38,24,19,0,0,7.11,3.57,1.87,3.15,4.10,1.40,2.25,4.20,0.00,2.00,1.69,Stade Municipal de Berkane
1554217200,Apr 2 2019 - 3:00pm,complete,N/A,Youssoufia Berrechid,Mouloudia Oujda,N/A,1.36,0.90,1.53,0.73,1,1,2,0,0,0,"","",4,6,4,1,2,0,5,0,2,0,14,6,9,4,5,2,-1,-1,43,57,1.93,1.22,2.11,53,67,33,15,5,0,0,6.79,2.64,2.15,3.05,3.30,0.00,0.00,0.00,0.00,0.00,0.00,Stade Municipal de Berrechid
1554224400,Apr 2 2019 - 5:00pm,complete,N/A,Olympic Safi,Hassania Agadir,N/A,1.64,1.40,2.00,1.07,2,1,3,0,0,0,"","",3,6,0,0,0,0,0,0,0,0,10,13,4,4,6,9,-1,-1,42,58,0.00,0.00,1.97,38,47,33,14,9,0,0,9.43,4.15,2.80,2.85,2.55,1.50,2.55,5.00,0.00,2.10,1.62,Stade El Massira
1554228000,Apr 2 2019 - 6:00pm,complete,N/A,FUS Rabat,Difaâ El Jadida,N/A,1.36,1.00,1.53,1.07,0,0,0,0,0,0,"","",4,2,0,0,0,0,0,0,0,0,3,3,0,2,3,1,-1,-1,45,55,0.63,0.72,1.83,39,58,29,5,5,0,0,7.01,4.55,2.45,2.80,3.00,1.50,2.55,5.00,0.00,2.10,1.62,Stade du FUS (Hay Nahda) (Rabat)
1554231600,Apr 2 2019 - 7:00pm,complete,N/A,Rapide Oued Zem,Moghreb Tétouan,N/A,1.55,0.90,1.80,0.80,1,0,1,0,0,0,"","",1,4,2,0,2,0,0,2,0,2,14,10,7,7,7,3,-1,-1,62,38,2.14,1.65,1.88,53,63,20,5,5,0,0,9.44,3.05,2.35,2.75,3.15,1.51,2.60,5.10,0.00,2.10,1.62,Stade Municipal (Oued Zem)
1554303600,Apr 3 2019 - 3:00pm,complete,N/A,Ittihad Tanger,FAR Rabat,N/A,1.50,1.27,1.33,1.07,0,0,0,0,0,0,"","",4,3,0,0,0,0,0,0,0,0,10,10,3,2,7,8,-1,-1,49,51,1.21,1.29,2.00,62,67,28,14,10,0,0,10.28,4.37,2.35,2.95,2.95,1.45,2.40,4.65,0.00,2.05,1.67,Grand Stade de Tanger
1554310800,Apr 3 2019 - 5:00pm,complete,N/A,Kawkab Marrakech,Raja Casablanca,N/A,1.40,1.60,1.40,1.60,1,2,3,0,0,0,"","",2,3,1,0,2,0,1,0,0,2,11,9,5,5,6,4,-1,-1,46,54,1.49,1.42,2.50,65,75,35,15,10,0,0,9.20,3.10,4.55,3.60,1.67,1.26,1.87,3.15,0.00,1.83,1.83,Stade de Marrakech
1554562800,Apr 6 2019 - 3:00pm,complete,N/A,Moghreb Tétouan,Mouloudia Oujda,N/A,1.08,0.91,1.47,0.73,4,1,5,0,0,0,"","",4,4,2,0,2,0,1,1,1,1,7,5,6,4,1,1,-1,-1,48,52,1.30,1.05,1.97,53,66,22,18,9,0,0,9.66,1.76,2.50,2.75,2.95,0.00,0.00,0.00,0.00,0.00,0.00,Stade Saniat Rmel
1554577200,Apr 6 2019 - 7:00pm,complete,N/A,Difaâ El Jadida,Rapide Oued Zem,N/A,1.33,0.64,1.53,0.67,2,0,2,0,0,0,"","",3,3,1,0,1,0,0,1,1,0,11,9,4,2,7,7,-1,-1,48,52,1.56,1.52,2.31,61,70,35,22,9,0,0,8.53,5.10,2.10,2.60,4.05,0.00,0.00,0.00,0.00,0.00,0.00,Stade Ben Ahmed El Abdi
1554649200,Apr 7 2019 - 3:00pm,complete,N/A,Raja Casablanca,Olympic Safi,N/A,1.67,1.00,2.07,1.00,1,0,1,0,0,0,"","",7,4,3,0,3,1,0,3,2,2,12,12,0,6,12,6,-1,-1,66,34,1.53,1.77,2.87,56,77,51,31,31,0,0,7.66,5.22,1.53,3.80,5.60,1.24,1.80,3.05,0.00,1.87,1.80,Stade Père-Jégo
1554649200,Apr 7 2019 - 3:00pm,complete,N/A,Chabab Rif Hoceima,FUS Rabat,N/A,1.40,0.82,1.33,1.00,0,0,0,0,0,0,"","",4,3,0,0,0,0,0,0,0,0,2,0,0,0,2,0,-1,-1,51,49,0.65,0.39,2.55,53,63,48,34,24,0,0,8.14,3.95,2.60,2.90,2.70,1.45,2.40,4.65,0.00,2.05,1.69,Stade Mimoun Al Arsi
1554656400,Apr 7 2019 - 5:00pm,complete,N/A,Khouribga,Ittihad Tanger,N/A,1.64,1.64,1.60,1.33,1,1,2,0,0,0,"","",2,4,1,0,3,0,0,1,1,2,3,3,3,3,0,0,-1,-1,52,48,0.79,0.99,2.05,55,64,32,14,5,0,0,6.91,2.28,2.25,2.90,3.20,1.62,2.95,5.90,0.00,2.40,1.50,Stade du Phosphate
1554746400,Apr 8 2019 - 6:00pm,complete,N/A,FAR Rabat,Kawkab Marrakech,N/A,1.40,0.42,1.13,0.60,0,2,2,0,0,0,"","",10,1,1,0,0,0,0,1,0,0,21,6,7,2,14,4,-1,-1,69,31,2.94,0.86,2.70,50,69,42,28,24,0,0,6.73,4.37,1.77,3.15,4.60,1.43,2.35,4.40,0.00,2.10,1.62,Stade Prince Moulay Abdallah
1554908400,Apr 10 2019 - 3:00pm,complete,N/A,Chabab Rif Hoceima,Raja Casablanca,N/A,1.36,1.73,1.33,1.60,1,2,3,0,0,0,"","",8,5,1,0,4,0,0,1,0,4,2,3,2,3,0,0,-1,-1,51,49,0.76,0.88,2.91,69,69,50,32,23,0,0,10.54,4.36,3.10,3.50,2.00,1.32,2.00,3.60,0.00,1.87,1.83,Stade Mimoun Al Arsi
1555513200,Apr 17 2019 - 3:00pm,complete,N/A,Raja Casablanca,Ittihad Tanger,N/A,1.80,1.58,2.07,1.33,1,0,1,0,0,0,"","",2,5,0,0,0,0,0,0,0,0,3,0,3,0,0,0,-1,-1,57,43,0.92,0.49,2.57,51,69,34,24,24,0,0,8.55,4.03,2.00,2.95,3.80,1.48,2.50,4.80,0.00,2.15,1.62,Stade Père-Jégo
1555520400,Apr 17 2019 - 5:00pm,complete,N/A,FAR Rabat,RSB Berkane,N/A,1.27,0.73,1.13,0.73,1,1,2,0,0,0,"","",4,5,3,1,5,0,1,3,1,4,2,3,2,2,0,1,-1,-1,54,46,0.73,0.79,2.32,45,59,36,23,18,0,0,9.36,4.27,1.80,3.15,4.40,1.43,2.35,4.45,0.00,2.10,1.62,Stade Prince Moulay Abdallah
1555596000,Apr 18 2019 - 2:00pm,complete,N/A,Hassania Agadir,Wydad Casablanca,N/A,1.73,1.64,1.93,1.33,2,1,3,0,0,0,"","",2,7,4,0,2,0,1,3,1,1,3,2,3,2,0,0,-1,-1,39,61,0.73,0.84,2.00,46,50,36,14,14,0,0,11.18,3.46,2.80,2.90,2.50,1.47,2.45,4.70,0.00,2.05,1.67,Stade d'Agadir
1555700400,Apr 19 2019 - 7:00pm,complete,N/A,Kawkab Marrakech,Khouribga,N/A,1.27,0.75,1.40,0.80,0,1,1,0,0,0,"","",3,3,1,0,0,0,1,0,0,0,2,2,2,2,0,0,-1,-1,57,43,0.82,0.73,2.30,61,79,39,17,9,0,0,6.56,3.17,2.20,2.95,3.30,1.48,2.50,4.80,0.00,2.15,1.62,Stade de Marrakech
1555768800,Apr 20 2019 - 2:00pm,complete,N/A,Mouloudia Oujda,Difaâ El Jadida,N/A,1.83,1.00,1.60,1.07,1,2,3,0,0,0,"","",11,2,1,0,0,0,0,1,0,0,17,10,5,6,12,4,-1,-1,51,49,2.48,1.57,1.87,44,53,31,13,13,0,0,7.08,3.74,2.30,2.95,3.10,1.45,2.40,4.65,0.00,2.05,1.67,Stade Municipal (Oujda)
1555772400,Apr 20 2019 - 3:00pm,complete,N/A,Youssoufia Berrechid,Moghreb Tétouan,N/A,1.33,0.82,1.53,0.80,2,0,2,0,0,0,"","",7,3,2,0,1,0,1,1,0,1,4,0,4,0,0,0,-1,-1,52,48,0.93,0.48,1.96,53,66,30,5,5,0,0,7.90,3.64,2.35,2.95,2.95,1.41,2.30,4.25,0.00,1.95,1.74,Stade Municipal de Berrechid
1555786800,Apr 20 2019 - 7:00pm,complete,N/A,Rapide Oued Zem,Chabab Rif Hoceima,N/A,1.67,0.58,1.80,0.47,1,0,1,0,0,0,"","",9,2,1,0,2,1,0,1,1,2,2,0,2,0,0,0,-1,-1,65,35,0.86,0.42,2.09,46,63,25,9,9,0,0,7.50,3.58,2.20,2.95,3.30,1.43,2.35,4.45,0.00,2.00,1.71,Stade Municipal (Oued Zem)
1555858800,Apr 21 2019 - 3:00pm,complete,N/A,Wydad Casablanca,Raja Casablanca,N/A,2.83,1.83,2.60,1.60,2,2,4,0,0,0,"","",6,4,4,0,1,0,1,3,1,0,3,4,3,3,0,1,-1,-1,36,64,0.90,1.03,2.96,59,75,59,21,17,0,0,11.50,4.50,2.40,3.00,2.80,1.29,1.95,3.40,0.00,1.74,1.95,Stade de Marrakech
1555866000,Apr 21 2019 - 5:00pm,complete,N/A,Ittihad Tanger,RSB Berkane,N/A,1.45,0.75,1.33,0.73,0,0,0,0,0,0,"","",4,3,0,0,0,0,0,0,0,0,9,13,3,3,6,10,-1,-1,48,52,1.22,1.57,1.78,53,57,17,13,9,0,0,9.92,4.33,2.20,3.00,3.20,1.53,2.60,5.15,0.00,2.20,1.59,Grand Stade de Tanger
1555866000,Apr 21 2019 - 5:00pm,complete,N/A,Olympic Safi,FAR Rabat,N/A,1.75,1.25,2.00,1.07,1,0,1,0,0,0,"","",2,10,4,0,0,0,1,3,0,0,2,2,2,2,0,0,-1,-1,48,52,0.64,0.78,2.30,58,63,46,21,13,0,0,9.58,4.33,2.65,3.00,2.55,1.43,2.35,4.45,0.00,2.00,1.69,Stade El Massira
1555873200,Apr 21 2019 - 7:00pm,complete,N/A,FUS Rabat,Hassania Agadir,N/A,1.33,1.27,1.53,1.07,2,0,2,0,0,0,"","",4,2,0,0,1,0,0,0,0,1,7,2,5,2,2,0,-1,-1,50,50,1.33,0.75,1.44,26,39,22,0,0,0,0,8.74,3.88,2.40,2.80,3.05,1.54,2.65,5.30,0.00,2.20,1.59,Stade du FUS (Hay Nahda) (Rabat)
1556118000,Apr 24 2019 - 3:00pm,complete,N/A,Raja Casablanca,Hassania Agadir,N/A,1.91,1.17,2.07,1.07,2,1,3,0,0,0,"","",7,2,1,1,2,1,0,2,0,3,9,11,6,5,3,6,-1,-1,64,36,1.52,1.50,2.30,40,58,35,18,18,0,0,9.58,4.41,1.69,3.40,4.75,1.29,1.95,3.40,0.00,1.87,1.83,Stade Père-Jégo
1556125200,Apr 24 2019 - 5:00pm,complete,N/A,RSB Berkane,Youssoufia Berrechid,N/A,1.82,1.45,1.87,1.07,2,0,2,0,0,0,"","",2,0,2,0,5,2,0,2,1,6,4,2,3,2,1,0,-1,-1,52,48,0.95,0.62,2.87,55,82,32,23,23,0,0,7.91,3.64,1.95,2.80,4.15,1.42,2.30,4.30,0.00,2.00,1.71,Stade Municipal de Berkane
1556377200,Apr 27 2019 - 3:00pm,complete,N/A,Khouribga,Olympic Safi,N/A,1.58,0.92,1.60,1.00,4,4,8,0,0,0,"","",1,5,2,0,2,0,0,2,0,2,17,11,10,6,7,5,-1,-1,52,48,2.41,1.64,2.17,59,67,42,17,9,0,0,6.25,3.83,2.15,2.95,3.40,1.43,2.35,4.45,0.00,2.10,1.65,Stade du Phosphate
1556377200,Apr 27 2019 - 3:00pm,complete,N/A,Chabab Rif Hoceima,Mouloudia Oujda,N/A,1.25,0.83,1.33,0.73,1,1,2,0,0,0,"","",4,1,2,0,1,0,1,1,0,1,2,3,2,3,0,0,-1,-1,50,50,0.77,0.86,2.71,67,71,46,38,21,0,0,9.50,3.34,2.05,2.95,3.60,1.38,2.20,4.15,0.00,1.95,1.74,Stade Mimoun Al Arsi
1556384400,Apr 27 2019 - 5:00pm,complete,N/A,Difaâ El Jadida,Moghreb Tétouan,N/A,1.46,0.75,1.53,0.80,2,0,2,0,0,0,"","",4,4,3,0,2,0,1,2,0,2,10,9,7,2,3,7,-1,-1,51,49,1.56,1.23,2.12,52,65,28,12,8,0,0,9.58,3.43,1.91,3.00,4.20,1.50,2.55,5.00,0.00,2.30,1.54,Stade Ben Ahmed El Abdi
1556463600,Apr 28 2019 - 3:00pm,complete,N/A,Raja Casablanca,FUS Rabat,N/A,2.00,0.83,2.07,1.00,0,0,0,0,0,0,"","",6,5,0,0,0,0,0,0,0,0,18,7,6,2,12,5,-1,-1,58,42,2.20,1.01,2.46,46,63,42,25,25,0,0,7.84,4.25,1.53,3.50,6.05,1.40,2.25,4.20,0.00,2.25,1.57,Stade Père-Jégo
1556470800,Apr 28 2019 - 5:00pm,complete,N/A,Ittihad Tanger,Youssoufia Berrechid,N/A,1.42,1.33,1.33,1.07,1,0,1,0,0,0,"","",5,4,6,1,4,0,1,6,2,2,2,2,2,2,0,0,-1,-1,51,49,0.70,0.79,2.25,50,71,21,17,17,0,0,8.25,4.42,1.95,2.90,4.15,1.51,2.60,5.10,0.00,2.20,1.57,Grand Stade de Tanger
1556564400,Apr 29 2019 - 7:00pm,complete,N/A,Hassania Agadir,Rapide Oued Zem,N/A,1.83,0.58,1.93,0.67,0,0,0,0,0,0,"","",6,0,0,0,0,0,0,0,0,0,12,5,6,2,6,3,-1,-1,59,41,1.78,0.72,2.25,50,67,38,21,13,0,0,8.00,4.83,2.05,2.95,3.65,1.47,2.45,4.70,0.00,2.15,1.62,Stade d'Agadir
1556730000,May 1 2019 - 5:00pm,complete,N/A,RSB Berkane,Kawkab Marrakech,N/A,1.92,0.62,1.87,0.60,1,1,2,0,0,0,"","",5,8,2,0,3,0,1,1,2,1,13,12,6,7,7,5,-1,-1,61,39,1.87,1.66,2.57,48,76,28,20,16,0,0,6.77,3.58,2.00,3.05,3.70,1.48,2.50,4.80,0.00,2.15,1.61,Stade Municipal de Berkane
1556982000,May 4 2019 - 3:00pm,complete,N/A,Rapide Oued Zem,Raja Casablanca,N/A,1.77,1.77,1.80,1.60,3,3,6,0,0,0,"","",3,2,0,0,0,0,0,0,0,0,11,6,5,4,6,2,-1,-1,50,50,1.37,0.97,2.27,58,62,31,12,8,0,0,9.77,3.61,3.40,2.95,2.15,1.40,2.25,4.20,0.00,1.95,1.74,Stade Municipal (Oued Zem)
1556982000,May 4 2019 - 3:00pm,complete,N/A,Mouloudia Oujda,Hassania Agadir,N/A,1.69,1.08,1.60,1.07,1,1,2,0,0,0,"","",2,4,1,1,2,0,0,2,0,2,8,14,3,5,5,9,-1,-1,50,50,1.26,1.92,1.77,39,46,31,8,8,0,0,9.00,3.54,2.55,2.85,2.80,1.47,2.45,4.70,0.00,2.05,1.67,Stade Municipal (Oujda)
1556989200,May 4 2019 - 5:00pm,complete,N/A,FUS Rabat,FAR Rabat,N/A,1.46,1.15,1.53,1.07,1,0,1,0,0,0,"","",2,2,2,0,4,0,1,1,0,4,10,10,4,4,6,6,-1,-1,48,52,1.39,1.54,1.66,39,50,27,8,4,0,0,9.30,4.07,3.00,2.45,2.80,1.57,2.80,5.60,0.00,2.25,1.56,Stade du FUS (Hay Nahda) (Rabat)
1557068400,May 5 2019 - 3:00pm,complete,N/A,Moghreb Tétouan,Chabab Rif Hoceima,N/A,1.23,0.54,1.47,0.47,2,1,3,0,0,0,"","",2,4,2,1,3,0,0,3,2,1,9,8,3,4,6,4,-1,-1,47,53,1.24,1.38,2.20,46,66,31,15,15,0,0,8.70,3.00,1.91,3.05,4.05,0.00,0.00,0.00,0.00,0.00,0.00,Stade Saniat Rmel
1557072000,May 5 2019 - 4:00pm,complete,N/A,Youssoufia Berrechid,Difaâ El Jadida,N/A,1.46,1.17,1.53,1.07,1,1,2,0,0,0,"","",0,4,2,0,1,0,0,2,1,0,5,8,3,3,2,5,-1,-1,53,47,0.97,1.14,1.93,48,68,37,4,4,0,0,6.38,3.67,2.45,2.90,2.90,0.00,0.00,0.00,0.00,0.00,0.00,Stade Municipal de Berrechid
1557075600,May 5 2019 - 5:00pm,complete,N/A,Kawkab Marrakech,Ittihad Tanger,N/A,1.17,1.46,1.40,1.33,3,1,4,0,0,0,"","",5,5,0,0,1,0,0,0,1,0,23,13,7,6,16,7,-1,-1,50,50,2.56,1.81,1.89,48,65,24,8,4,0,0,6.96,1.77,2.30,3.00,3.00,0.00,0.00,0.00,0.00,0.00,0.00,Stade de Marrakech
1557352800,May 8 2019 - 10:00pm,complete,N/A,Olympic Safi,RSB Berkane,N/A,1.85,0.77,2.00,0.73,3,0,3,0,0,0,"","",3,2,3,0,1,0,1,2,0,1,12,11,4,0,8,11,-1,-1,37,63,1.43,1.31,2.12,50,54,35,19,12,0,0,9.15,4.61,2.45,2.75,3.05,1.47,2.45,4.70,0.00,2.05,1.69,Stade El Massira
1557439200,May 9 2019 - 10:00pm,complete,N/A,FAR Rabat,Wydad Casablanca,N/A,1.25,1.50,1.13,1.33,1,1,2,0,0,0,"","",4,2,3,0,5,0,0,3,1,4,12,10,4,3,8,7,-1,-1,59,41,1.57,1.22,2.42,54,67,42,17,17,0,0,10.75,4.16,2.90,3.05,2.35,0.00,0.00,0.00,0.00,0.00,0.00,Stade Prince Moulay Abdallah
1557612000,May 11 2019 - 10:00pm,complete,N/A,Raja Casablanca,Mouloudia Oujda,N/A,1.92,0.85,2.07,0.73,2,1,3,0,0,0,"","",5,4,1,0,2,0,0,1,0,2,11,11,4,5,7,6,-1,-1,61,39,1.75,1.46,2.70,62,73,39,31,23,0,0,8.92,3.84,0.00,0.00,0.00,0.00,0.00,0.00,0.00,0.00,0.00,Stade Père-Jégo
1557698400,May 12 2019 - 10:00pm,complete,N/A,Ittihad Tanger,Olympic Safi,N/A,1.54,0.92,1.33,1.00,0,2,2,0,0,0,"","",6,1,0,0,4,0,0,0,0,4,16,6,3,3,13,3,-1,-1,53,47,1.95,0.88,2.04,46,58,27,16,16,0,0,7.77,4.46,2.00,2.90,3.90,1.54,2.65,5.25,0.00,2.30,1.54,Grand Stade de Tanger
1557784800,May 13 2019 - 10:00pm,complete,N/A,Hassania Agadir,Moghreb Tétouan,N/A,1.77,0.69,1.93,0.80,1,0,1,0,0,0,"","",6,8,3,0,1,0,1,2,1,0,15,18,9,7,6,11,-1,-1,52,48,0.00,0.00,2.00,42,58,31,12,12,0,0,9.31,3.31,2.20,2.95,3.30,1.45,2.40,4.65,0.00,2.10,1.65,Stade d'Agadir
1557784800,May 13 2019 - 10:00pm,complete,N/A,FAR Rabat,Rapide Oued Zem,N/A,1.23,0.62,1.13,0.67,0,0,0,0,0,0,"","",7,3,0,0,0,0,0,0,0,0,8,7,2,0,6,7,-1,-1,50,50,0.97,0.63,2.46,54,77,35,23,16,0,0,7.46,5.15,2.00,2.65,4.40,1.54,2.65,5.25,0.00,2.15,1.61,Stade Prince Moulay Abdallah
1557784800,May 13 2019 - 10:00pm,complete,N/A,Khouribga,FUS Rabat,N/A,1.54,0.85,1.60,1.00,2,2,4,0,0,0,"","",5,5,0,0,1,0,0,0,0,1,3,3,3,3,0,0,-1,-1,50,50,0.40,0.40,2.19,54,62,39,19,12,0,0,6.23,2.85,2.25,2.45,4.00,1.44,2.40,4.55,0.00,1.87,1.80,Stade du Phosphate
1557784800,May 13 2019 - 10:00pm,complete,N/A,Kawkab Marrakech,Youssoufia Berrechid,N/A,1.31,1.23,1.40,1.07,4,1,5,0,0,0,"","",4,5,1,0,2,0,0,1,1,1,14,14,7,6,7,8,-1,-1,51,49,1.77,1.84,2.46,54,77,35,19,12,0,0,7.07,3.69,1.51,3.45,6.50,1.43,2.35,4.40,0.00,2.35,1.51,Stade de Marrakech
1557784800,May 13 2019 - 10:00pm,complete,N/A,RSB Berkane,Wydad Casablanca,N/A,1.85,1.46,1.87,1.33,3,2,5,0,0,0,"","",4,2,2,0,1,0,1,1,1,0,7,12,5,7,2,5,-1,-1,37,63,1.21,1.89,2.35,58,74,31,12,12,0,0,10.15,3.70,3.15,2.80,2.35,1.45,2.40,4.65,0.00,2.05,1.69,Stade Municipal de Berkane
1557784800,May 13 2019 - 10:00pm,complete,N/A,Chabab Rif Hoceima,Difaâ El Jadida,N/A,1.23,1.15,1.33,1.07,1,1,2,0,0,0,"","",7,9,2,0,0,0,1,1,0,0,12,11,5,4,7,7,-1,-1,51,49,1.67,1.47,2.39,62,69,46,23,16,0,0,8.46,3.77,3.10,2.80,2.40,1.47,2.45,4.70,0.00,2.05,1.67,Stade Mimoun Al Arsi
1558130400,May 17 2019 - 10:00pm,complete,N/A,Wydad Casablanca,Ittihad Tanger,N/A,2.69,1.36,2.60,1.33,2,2,4,0,0,0,"","",18,2,2,0,2,0,0,2,1,1,23,5,15,3,8,2,-1,-1,57,43,3.40,0.82,2.47,45,67,45,23,11,0,0,9.81,3.17,1.45,3.65,6.95,1.44,2.40,4.55,0.00,2.55,1.43,Stade Père-Jégo
1558216800,May 18 2019 - 10:00pm,complete,N/A,Difaâ El Jadida,Hassania Agadir,N/A,1.57,1.07,1.53,1.07,1,1,2,0,0,0,"","",5,5,0,0,1,0,0,0,1,0,2,2,2,2,0,0,-1,-1,51,49,0.70,0.75,1.89,43,57,29,7,4,0,0,9.29,3.64,2.55,2.80,2.85,1.54,2.65,5.30,0.00,2.20,1.59,Stade Ben Ahmed El Abdi
1559685600,Jun 4 2019 - 10:00pm,complete,N/A,Wydad Casablanca,Khouribga,N/A,2.57,0.92,2.60,0.80,4,1,5,0,0,0,"","",3,7,0,0,1,1,0,0,1,1,19,18,13,5,6,13,-1,-1,50,50,2.61,1.96,2.73,52,74,55,30,15,0,0,10.06,4.36,1.26,5.00,9.75,1.22,1.74,2.85,5.25,2.40,1.50,Stade Mohamed V (Casablanca)
1559685600,Jun 4 2019 - 10:00pm,complete,N/A,Olympic Safi,Kawkab Marrakech,N/A,1.93,0.64,2.00,0.60,1,0,1,0,0,0,"","",7,6,5,0,2,0,1,4,2,0,2,0,2,0,0,0,-1,-1,49,51,0.00,0.00,2.50,50,68,40,21,14,0,0,7.36,4.50,2.25,2.85,3.35,1.32,2.00,3.60,6.80,1.80,1.91,Stade El Massira (Safi)
1559685600,Jun 4 2019 - 10:00pm,complete,N/A,Moghreb Tétouan,Raja Casablanca,N/A,1.36,1.71,1.47,1.60,3,1,4,0,0,0,"","",3,4,5,0,1,0,1,4,1,0,8,13,7,4,1,9,-1,-1,48,52,1.54,1.81,2.61,65,72,43,22,18,0,0,10.22,3.00,2.00,3.30,3.35,1.29,1.91,3.35,6.25,1.74,1.95,Stade Saniat Rmel (Tétouan)
1559685600,Jun 4 2019 - 10:00pm,complete,N/A,Chabab Rif Hoceima,Youssoufia Berrechid,N/A,1.21,1.14,1.33,1.07,2,1,3,0,0,0,"","",4,3,3,0,2,0,1,2,2,0,10,11,5,6,5,5,-1,-1,48,52,1.32,1.36,2.82,61,75,43,33,25,0,0,9.07,4.85,2.10,3.15,3.20,1.29,1.95,3.40,6.35,1.77,1.91,Stade Mimoun Al Arsi (Al Hoceima)
1559685600,Jun 4 2019 - 10:00pm,complete,N/A,FUS Rabat,RSB Berkane,N/A,1.57,0.71,1.53,0.73,0,0,0,0,0,0,"","",4,4,0,0,0,0,0,0,0,0,15,12,4,5,11,7,-1,-1,47,53,1.44,1.29,1.61,32,47,22,7,4,0,0,8.36,4.28,2.15,3.15,3.15,1.23,1.77,2.90,5.30,1.62,2.15,Stade du FUS (Hay Nahda) (Rabat)
1559685600,Jun 4 2019 - 10:00pm,complete,N/A,Mouloudia Oujda,FAR Rabat,N/A,1.64,1.07,1.60,1.07,1,1,2,0,0,0,"","",0,0,0,0,0,0,0,0,0,0,0,0,0,0,0,0,-1,-1,50,50,0.00,0.00,1.86,50,50,33,14,11,0,0,9.57,4.00,4.35,1.83,3.05,0.00,0.00,0.00,0.00,2.00,1.71,Stade Municipal de Berkane (Berkane)
1560020400,Jun 8 2019 - 7:00pm,complete,N/A,Rapide Oued Zem,Khouribga,N/A,1.71,0.86,1.80,0.80,1,0,1,0,0,0,"","",0,0,0,0,0,0,0,0,0,0,0,0,0,0,0,0,-1,-1,52,48,0.00,0.00,2.18,50,61,29,18,14,0,0,7.78,3.43,3.10,2.05,3.40,0.00,0.00,0.00,0.00,0.00,0.00,Stade Municipal (Oued Zem)
1560096000,Jun 9 2019 - 4:00pm,complete,N/A,FAR Rabat,Moghreb Tétouan,N/A,1.21,0.64,1.13,0.80,0,2,2,0,0,0,"","",2,1,1,0,1,0,1,0,0,1,9,7,2,4,7,3,-1,-1,61,39,1.20,1.06,2.25,47,68,29,14,14,0,0,9.36,3.78,4.70,3.45,1.71,1.27,1.91,3.25,6.05,1.77,1.91,Stade Prince Moulay Abdallah (Rabat)
1560096000,Jun 9 2019 - 4:00pm,complete,N/A,Kawkab Marrakech,Wydad Casablanca,N/A,1.43,1.36,1.40,1.33,3,3,6,0,0,0,"","",5,4,2,0,2,0,1,1,0,2,17,16,6,11,11,5,-1,-1,51,49,1.92,2.28,2.33,64,72,43,18,11,0,0,9.42,2.93,1.56,3.65,5.50,1.28,1.91,3.30,6.15,1.87,1.80,Stade de Marrakech (Marrakech)
1560103200,Jun 9 2019 - 6:00pm,complete,N/A,Ittihad Tanger,FUS Rabat,N/A,1.43,0.86,1.33,1.00,1,3,4,0,0,0,"","",3,6,0,0,2,0,0,0,1,1,8,17,4,9,4,8,-1,-1,47,53,1.29,2.15,1.72,40,54,22,14,11,0,0,8.00,3.28,1.41,4.05,6.95,1.38,2.20,4.05,7.50,2.45,1.47,Grand Stade de Tanger (Tanger)
1560103200,Jun 9 2019 - 6:00pm,complete,N/A,Hassania Agadir,Chabab Rif Hoceima,N/A,1.86,0.50,1.93,0.47,1,0,1,0,0,0,"","",3,5,1,2,1,0,1,2,0,1,9,10,3,6,6,4,-1,-1,50,50,1.40,1.68,2.22,43,57,40,14,14,0,0,8.00,4.08,1.38,3.90,7.75,1.27,1.91,3.25,6.05,2.10,1.62,Stade d'Agadir (Agadir)
1560103200,Jun 9 2019 - 6:00pm,complete,N/A,Raja Casablanca,Difaâ El Jadida,N/A,2.00,1.14,2.07,1.07,2,0,2,0,0,0,"","",3,5,0,0,0,1,0,0,1,0,13,7,6,2,7,5,-1,-1,47,53,1.79,0.97,2.43,57,71,43,18,18,0,0,8.64,4.07,2.05,2.90,3.80,0.00,0.00,0.00,0.00,0.00,0.00,Stade Mohamed V (Casablanca)
1560103200,Jun 9 2019 - 6:00pm,complete,N/A,Youssoufia Berrechid,Olympic Safi,N/A,1.43,1.07,1.53,1.00,2,1,3,0,0,0,"","",8,0,3,0,3,0,1,2,0,3,15,8,4,2,11,6,-1,-1,47,53,1.96,1.10,2.18,47,68,36,11,11,0,0,5.92,4.36,3.05,2.75,2.45,1.42,2.30,4.30,8.25,1.95,1.77,Stade Municipal de Berrechid (Berrechid)
1560276000,Jun 11 2019 - 6:00pm,complete,N/A,Khouribga,Mouloudia Oujda,N/A,1.50,0.79,1.60,0.73,3,1,4,0,0,0,"","",5,5,1,0,3,0,0,1,0,3,18,13,6,3,12,10,-1,-1,51,49,2.19,1.82,2.68,75,79,43,29,11,0,0,7.21,2.71,2.20,3.05,3.20,1.34,2.10,3.80,7.00,1.87,1.83,Stade du Phosphate (Khouribga)
1560276000,Jun 11 2019 - 6:00pm,complete,N/A,RSB Berkane,Rapide Oued Zem,N/A,1.93,0.64,1.87,0.67,2,2,4,0,0,0,"","",3,3,2,0,1,0,2,0,1,0,14,18,6,5,8,13,-1,-1,47,53,1.73,2.09,2.43,54,79,29,21,14,0,0,7.21,4.21,1.18,5.55,15.25,1.32,2.00,3.60,0.00,3.20,1.29,Stade Municipal de Berkane (Berkane)
