full_name,age,birthday,league,season,position,Current Club,minutes_played_overall,minutes_played_home,minutes_played_away,nationality,appearances_overall,appearances_home,appearances_away,goals_overall,goals_home,goals_away,assists_overall,assists_home,assists_away,penalty_goals,penalty_misses,clean_sheets_overall,clean_sheets_home,clean_sheets_away,conceded_overall,conceded_home,conceded_away,yellow_cards_overall,red_cards_overall,goals_involved_per_90_overall,assists_per_90_overall,goals_per_90_overall,goals_per_90_home,goals_per_90_away,min_per_goal_overall,conceded_per_90_overall,min_per_conceded_overall,min_per_match,min_per_card_overall,min_per_assist_overall,cards_per_90_overall,rank_in_league_top_attackers,rank_in_league_top_midfielders,rank_in_league_top_defenders,rank_in_club_top_scorer
Abdallah Asmoun,20,943920000,Botola Pro,2019/2020,Forward,Hassania Agadir,0,0,0,Morocco,0,0,0,0,0,0,0,0,0,0,0,0,0,0,0,0,0,0,0,0,0,0,0,0,0,0,0,0,0,0,0,-1,-1,-1,-1
Abdarrahmane El Barki,27,720489600,Botola Pro,2019/2020,Defender,CR Khemis Zemamra,540,270,270,Morocco,6,3,3,0,0,0,0,0,0,0,0,1,1,0,6,3,3,1,0,0,0,0,0,0,0,1,90,90,540,0,0.17,221,313,78,27
Abdelali Aboubi,34,504921600,Botola Pro,2019/2020,Midfielder,CR Khemis Zemamra,8,4,4,Morocco,2,0,0,0,0,0,0,0,0,0,0,1,1,0,0,0,0,0,0,0,0,0,0,0,0,0,0,4,0,0,0,-1,-1,-1,17
Abdelali El Khanboubi,29,667008000,Botola Pro,2019/2020,Midfielder,Hassania Agadir,80,80,0,Morocco,2,1,0,1,1,0,0,0,0,0,0,0,0,0,1,1,0,1,0,1.13,0,1.13,1.13,0,80,1.13,80,40,80,0,1.13,-1,-1,-1,8
Abdelfattah Ait Ahmed,36,451522800,Botola Pro,2019/2020,Midfielder,Youssoufia Berrechid,639,302,337,Morocco,13,3,3,0,0,0,0,0,0,0,0,2,2,0,12,3,9,0,0,0,0,0,0,0,0,1.69,53,49,0,0,0,216,283,-1,23
Abdelfattah Hadraf,0,0,Botola Pro,2019/2020,Midfielder,Difaâ El Jadida,1337,707,630,Morocco,15,8,7,0,0,0,0,0,0,0,0,5,4,1,10,3,7,4,1,0,0,0,0,0,0,0.67,134,89,267,0,0.34,275,72,-1,22
Abdelghani Mouaoui,31,604108800,Botola Pro,2019/2020,Forward,Ittihad Tanger,715,428,287,Morocco,11,5,4,0,0,0,0,0,0,0,0,6,5,1,8,4,4,0,0,0,0,0,0,0,0,1.01,89,65,0,0,0,138,19,-1,15
Abdelhafid Lirki,30,632793600,Botola Pro,2019/2020,Midfielder,Hassania Agadir,406,147,259,Morocco,9,1,3,0,0,0,0,0,0,0,0,2,1,1,5,2,3,1,0,0,0,0,0,0,0,1.11,81,45,406,0,0.22,268,47,-1,22
Abdelhakim Bassaine,26,777337200,Botola Pro,2019/2020,Defender,Hassania Agadir,282,61,221,Morocco,4,1,3,0,0,0,0,0,0,0,0,1,0,1,3,2,1,2,1,0,0,0,0,0,0,0.96,94,71,94,0,0.96,289,52,73,25
Abdelhakim Drissi,0,0,Botola Pro,2019/2020,Forward,RSB Berkane,0,0,0,Monaco,0,0,0,0,0,0,0,0,0,0,0,0,0,0,0,0,0,0,0,0,0,0,0,0,0,0,0,0,0,0,0,-1,-1,-1,-1
Abdelilah Amimi,29,664243200,Botola Pro,2019/2020,Forward,FAR Rabat,1482,898,584,Morocco,19,10,6,5,3,2,0,0,0,3,0,5,4,1,13,7,6,1,0,0.3,0,0.3,0.3,0.31,296,0.79,114,78,1482,0,0.06,29,162,-1,2
Abdelilah Hafidi,28,696729600,Botola Pro,2019/2020,Forward,Raja Casablanca,698,238,460,Morocco,11,2,5,3,1,2,0,0,0,0,0,7,3,4,6,3,3,0,0,0.39,0,0.39,0.38,0.39,233,0.77,116,63,0,0,0,17,90,-1,4
Abdelilah Madkour,19,973468800,Botola Pro,2019/2020,Defender,Raja Casablanca,541,350,191,Morocco,7,4,2,0,0,0,0,0,0,0,0,4,2,2,4,3,1,3,0,0,0,0,0,0,0,0.67,135,77,180,0,0.5,159,86,33,15
Abdeljalil Jbira,29,652143600,Botola Pro,2019/2020,Defender,Raja Casablanca,628,178,450,Morocco,8,2,5,0,0,0,0,0,0,0,0,7,2,5,0,0,0,2,0,0,0,0,0,0,0,0,0,79,314,0,0.29,148,132,1,19
Abdelkader Kadi,31,592873200,Botola Pro,2019/2020,Defender,Rapide Oued Zem,1619,809,810,Morocco,18,9,9,1,1,0,0,0,0,1,0,8,4,4,12,5,7,3,0,0.06,0,0.06,0.11,0,1619,0.67,135,90,540,0,0.17,120,298,34,5
Abdelkarim Baadi,24,829436400,Botola Pro,2019/2020,Defender,Hassania Agadir,811,361,450,Morocco,10,4,5,0,0,0,0,0,0,0,0,2,2,0,10,3,7,1,0,0,0,0,0,0,0,1.11,81,81,811,0,0.11,208,96,85,15
Abdelkhalek Ait Ourehbi,26,769734000,Botola Pro,2019/2020,Midfielder,Youssoufia Berrechid,1666,868,798,Morocco,19,10,9,2,2,0,0,0,0,2,0,3,2,1,27,14,13,2,0,0.11,0,0.11,0.21,0,833,1.46,62,88,833,0,0.11,93,284,-1,4
Abdellah Khafifi,27,730080000,Botola Pro,2019/2020,Defender,Mouloudia Oujda,1385,540,845,Morocco,16,6,10,0,0,0,0,0,0,0,0,5,2,3,11,4,7,8,1,0,0,0,0,0,0,0.71,126,87,154,0,0.58,291,246,46,25
Abdellatif Noussir,30,635472000,Botola Pro,2019/2020,Defender,Wydad Casablanca,598,148,450,Morocco,8,2,5,0,0,0,0,0,0,0,0,3,1,2,6,1,5,2,0,0,0,0,0,0,0,0.9,100,75,299,0,0.3,184,155,68,24
Abdelmounaim Boutouil,21,904604400,Botola Pro,2019/2020,Defender,FAR Rabat,348,258,90,Morocco,6,3,1,0,0,0,0,0,0,0,0,4,3,1,2,2,0,3,0,0,0,0,0,0,0,0.52,174,58,116,0,0.78,137,18,13,16
Abdelouahed Chakhsi,33,528505200,Botola Pro,2019/2020,Defender,Moghreb Tétouan,1172,460,712,Morocco,15,6,8,0,0,0,0,0,0,0,0,6,5,1,12,2,10,1,0,0,0,0,0,0,0,0.92,98,78,1172,0,0.08,238,174,70,21
Abdelwahed Hasti,28,684025200,Botola Pro,2019/2020,Forward,Rapide Oued Zem,118,83,35,Morocco,5,0,0,0,0,0,0,0,0,0,0,1,1,0,3,1,2,1,0,0,0,0,0,0,0,2.29,39,24,118,0,0.76,-1,-1,-1,20
Abderrahim Achchakir,33,534988800,Botola Pro,2019/2020,Defender,Raja Casablanca,1333,456,877,Morocco,17,5,9,1,1,0,0,0,0,0,0,10,4,6,8,1,7,1,0,0.07,0,0.07,0.2,0,1333,0.54,167,78,1333,0,0.07,111,22,17,7
Abderrahim Khaddou,30,634262400,Botola Pro,2019/2020,Defender,Rapide Oued Zem,23,23,0,Morocco,3,0,0,0,0,0,0,0,0,0,0,1,0,1,1,1,0,0,0,0,0,0,0,0,0,3.91,23,8,0,0,0,-1,-1,-1,25
Abderrahim Makrane,26,777337200,Botola Pro,2019/2020,Forward,FUS Rabat,818,291,527,Morocco,17,3,6,0,0,0,0,0,0,0,0,7,3,4,6,2,4,1,0,0,0,0,0,0,0,0.66,136,48,818,0,0.11,251,179,-1,16
Abderrahman El Hoausli,35,472348800,Botola Pro,2019/2020,Goalkeeper,Hassania Agadir,1530,810,720,Morocco,17,9,8,0,0,0,0,0,0,0,0,3,2,1,20,9,11,2,0,0,0,0,0,0,0,1.18,77,90,765,0,0.12,290,54,92,16
Abderrazak Rhazouat,20,937954800,Botola Pro,2019/2020,Defender,Raja Casablanca,0,0,0,Morocco,0,0,0,0,0,0,0,0,0,0,0,0,0,0,0,0,0,0,0,0,0,0,0,0,0,0,0,0,0,0,0,-1,-1,-1,-1
Abdessalam Benjelloun,35,475718400,Botola Pro,2019/2020,Forward,Raja Beni Mellal,819,432,387,Morocco,12,5,4,2,1,1,0,0,0,0,0,3,2,1,12,8,4,0,0,0.22,0,0.22,0.21,0.23,410,1.32,68,68,0,0,0,48,158,-1,1
Abdessamad Bendaoud,23,864774000,Botola Pro,2019/2020,Midfielder,Olympic Safi,270,270,0,Morocco,4,3,0,0,0,0,0,0,0,0,0,3,3,0,0,0,0,0,0,0,0,0,0,0,0,0,0,68,0,0,0,-1,-1,-1,12
Abdessamad El Moubarki,39,362790000,Botola Pro,2019/2020,Midfielder,CR Khemis Zemamra,1987,952,1035,Morocco,23,11,12,9,7,2,0,0,0,5,0,3,3,0,28,12,16,1,0,0.41,0,0.41,0.66,0.17,221,1.27,71,86,1987,0,0.05,15,311,-1,1
Abdessamad Maher,0,0,Botola Pro,2019/2020,Midfielder,Raja Beni Mellal,0,0,0,Morocco,0,0,0,0,0,0,0,0,0,0,0,0,0,0,0,0,0,0,0,0,0,0,0,0,0,0,0,0,0,0,0,-1,-1,-1,-1
Abdessamad Niani,25,801529200,Botola Pro,2019/2020,Forward,Youssoufia Berrechid,759,357,402,Morocco,15,4,5,5,4,1,0,0,0,0,0,2,1,1,13,6,7,1,0,0.59,0,0.59,1.01,0.22,152,1.54,58,51,759,0,0.12,5,154,-1,2
Abdoul Abass Guiro,25,782521200,Botola Pro,2019/2020,Midfielder,Raja Beni Mellal,450,90,360,Burkina Faso,5,1,4,0,0,0,0,0,0,0,0,1,0,1,7,2,5,0,0,0,0,0,0,0,0,1.4,64,90,0,0,0,306,265,-1,29
Abdoulaye Diarra,25,788572800,Botola Pro,2019/2020,Midfielder,Rapide Oued Zem,1407,702,705,Mali,16,8,8,2,0,2,0,0,0,0,0,8,4,4,8,4,4,3,0,0.13,0,0.13,0,0.26,704,0.51,176,88,469,0,0.19,79,255,-1,4
Abdoulaye Sissoko,28,711414000,Botola Pro,2019/2020,Midfielder,Moghreb Tétouan,813,364,449,Mali,13,4,6,4,2,2,0,0,0,0,0,7,6,1,4,0,4,2,1,0.44,0,0.44,0.49,0.4,203,0.44,203,63,407,0,0.22,13,221,-1,1
Abdul Djamilou Atchabao,29,657936000,Botola Pro,2019/2020,Forward,CR Khemis Zemamra,1043,604,439,Gabon,18,7,5,4,3,1,0,0,0,0,0,3,3,0,13,6,7,0,0,0.35,0,0.35,0.45,0.21,261,1.12,80,58,0,0,0,23,303,-1,3
Aboubacar Ibrahima Toungara,25,784857600,Botola Pro,2019/2020,Midfielder,FAR Rabat,1334,712,622,Mali,18,9,8,1,0,1,0,0,0,0,0,4,3,1,14,6,8,2,0,0.07,0,0.07,0,0.14,1334,0.94,95,74,667,0,0.13,110,160,-1,5
Achraf Dari,21,925945200,Botola Pro,2019/2020,Midfielder,Wydad Casablanca,466,267,199,Morocco,6,3,3,0,0,0,0,0,0,0,0,2,1,1,3,2,1,0,0,0,0,0,0,0,0,0.58,155,78,0,0,0,191,122,-1,26
Achraf El Idrissi,25,805071600,Botola Pro,2019/2020,Midfielder,Raja Beni Mellal,331,153,178,Morocco,6,2,2,0,0,0,0,0,0,0,0,0,0,0,9,5,4,3,1,0,0,0,0,0,0,2.45,37,55,110,0,0.82,307,264,-1,28
Achraf Hilali,30,641775600,Botola Pro,2019/2020,Goalkeeper,Olympic Safi,0,0,0,Morocco,0,0,0,0,0,0,0,0,0,0,0,0,0,0,0,0,0,0,0,0,0,0,0,0,0,0,0,0,0,0,0,-1,-1,-1,-1
Achraf Hmaidou,0,0,Botola Pro,2019/2020,Midfielder,Youssoufia Berrechid,111,9,102,Morocco,3,0,1,0,0,0,0,0,0,0,0,1,1,0,4,0,4,0,0,0,0,0,0,0,0,3.24,28,37,0,0,0,-1,-1,-1,27
Achraf Kouay,22,902790000,Botola Pro,2019/2020,Forward,Hassania Agadir,0,0,0,Morocco,0,0,0,0,0,0,0,0,0,0,0,0,0,0,0,0,0,0,0,0,0,0,0,0,0,0,0,0,0,0,0,-1,-1,-1,-1
Achraf Marzak,25,794448000,Botola Pro,2019/2020,Defender,Youssoufia Berrechid,432,180,252,Morocco,6,2,3,0,0,0,0,0,0,0,0,2,1,1,5,1,4,1,0,0,0,0,0,0,0,1.04,86,72,432,0,0.21,239,170,82,10
Adam Ennaffati,26,772844400,Botola Pro,2019/2020,Forward,Mouloudia Oujda,1129,394,735,Morocco,14,5,9,2,1,1,0,0,0,0,0,4,2,2,9,3,6,3,1,0.16,0,0.16,0.23,0.12,565,0.72,125,81,282,0,0.32,71,240,-1,6
Adama Ba,26,746406000,Botola Pro,2019/2020,Midfielder,RSB Berkane,432,159,273,Mauritania,10,1,3,0,0,0,0,0,0,0,0,5,1,4,3,2,1,1,0,0,0,0,0,0,0,0.63,144,43,432,0,0.21,287,12,-1,22
Adama Diom,20,963010800,Botola Pro,2019/2020,Forward,Khouribga,88,52,36,Senegal,4,0,0,0,0,0,0,0,0,0,0,2,2,0,2,0,2,0,0,0,0,0,0,0,0,2.05,44,22,0,0,0,-1,-1,-1,12
Adil El Hassnaoui,31,605232000,Botola Pro,2019/2020,Midfielder,Moghreb Tétouan,1210,559,651,Morocco,16,6,7,0,0,0,0,0,0,0,0,8,7,1,11,1,10,8,0,0,0,0,0,0,0,0.82,110,76,151,0,0.6,304,55,-1,13
Adil Rhaili,29,672534000,Botola Pro,2019/2020,Defender,Wydad Casablanca,131,0,131,Morocco,2,0,1,0,0,0,0,0,0,0,0,0,0,0,4,0,4,1,0,0,0,0,0,0,0,2.75,33,66,131,0,0.69,-1,-1,-1,15
Adnane Brahini,26,770425200,Botola Pro,2019/2020,Midfielder,Mouloudia Oujda,159,93,66,Morocco,6,1,0,0,0,0,0,0,0,0,0,3,1,2,2,1,1,0,0,0,0,0,0,0,0,1.13,80,27,0,0,0,-1,-1,-1,19
Adnane El Ouardy,26,762393600,Botola Pro,2019/2020,Forward,Moghreb Tétouan,919,424,495,Morocco,17,4,6,2,1,1,0,0,0,0,0,8,6,2,6,1,5,2,0,0.2,0,0.2,0.21,0.18,460,0.59,153,54,460,0,0.2,51,178,-1,4
Adnane Mourchidi,28,687913200,Botola Pro,2019/2020,Defender,Raja Beni Mellal,630,360,270,Morocco,7,4,3,0,0,0,0,0,0,0,0,4,3,1,4,2,2,2,0,0,0,0,0,0,0,0.57,158,90,315,0,0.29,167,116,20,15
Ahmad Marouane Bessak,24,839977200,Botola Pro,2019/2020,Goalkeeper,Olympic Safi,900,540,360,Morocco,10,6,4,0,0,0,0,0,0,0,0,7,5,2,6,3,3,2,0,0,0,0,0,0,0,0.6,150,90,450,0,0.2,196,205,22,17
Ahmed Chentouf,23,849744000,Botola Pro,2019/2020,Midfielder,Ittihad Tanger,212,92,120,Morocco,6,1,1,0,0,0,0,0,0,0,0,2,2,0,3,1,2,0,0,0,0,0,0,0,0,1.27,71,35,0,0,0,-1,-1,-1,27
Ahmed Reda Tagnaouti,24,828658800,Botola Pro,2019/2020,Goalkeeper,Wydad Casablanca,1350,720,630,Morocco,15,8,7,0,0,0,0,0,0,0,0,3,1,2,15,7,8,2,0,0,0,0,0,0,0,1,90,90,675,0,0.13,185,128,80,30
Aissa Sioudi,22,874710000,Botola Pro,2019/2020,Goalkeeper,Wydad Casablanca,0,0,0,Morocco,0,0,0,0,0,0,0,0,0,0,0,0,0,0,0,0,0,0,0,0,0,0,0,0,0,0,0,0,0,0,0,-1,-1,-1,-1
Alae-Eddine Bouchenna,25,800751600,Botola Pro,2019/2020,Midfielder,Mouloudia Oujda,222,90,132,Morocco,7,1,1,0,0,0,0,0,0,0,0,3,1,2,2,1,1,1,0,0,0,0,0,0,0,0.81,111,32,222,0,0.41,-1,-1,-1,17
Alaedine Ajaray,27,726192000,Botola Pro,2019/2020,Forward,RSB Berkane,535,271,264,Morocco,12,1,3,1,0,1,0,0,0,0,0,6,2,4,1,1,0,1,0,0.17,0,0.17,0,0.34,535,0.17,535,45,535,0,0.17,62,81,-1,7
Amin Thigazaoui,31,609030000,Botola Pro,2019/2020,Midfielder,Wydad Casablanca,497,305,192,France,7,4,2,1,1,0,0,0,0,0,0,1,0,1,6,4,2,0,0,0.18,0,0.18,0.3,0,497,1.09,83,71,0,0,0,58,125,-1,9
Amine Aboulfath,22,877910400,Botola Pro,2019/2020,Defender,Youssoufia Berrechid,1710,810,900,Morocco,19,9,10,1,1,0,0,0,0,0,0,3,2,1,30,13,17,5,0,0.05,0,0.05,0.11,0,1710,1.58,57,90,342,0,0.26,125,279,121,7
Amine Amri,0,0,Botola Pro,2019/2020,Goalkeeper,Mouloudia Oujda,0,0,0,Morocco,0,0,0,0,0,0,0,0,0,0,0,0,0,0,0,0,0,0,0,0,0,0,0,0,0,0,0,0,0,0,0,-1,-1,-1,-1
Amine El Kess,32,585702000,Botola Pro,2019/2020,Midfielder,RSB Berkane,1302,719,583,Morocco,17,8,6,0,0,0,0,0,0,0,0,8,3,5,10,5,5,3,1,0,0,0,0,0,0,0.69,130,77,434,0,0.21,264,9,-1,20
Amine Louani,25,789696000,Botola Pro,2019/2020,Midfielder,FUS Rabat,1368,528,840,Morocco,18,6,9,1,0,1,0,0,0,0,0,6,3,3,9,4,5,3,0,0.07,0,0.07,0,0.11,1368,0.59,152,76,456,0,0.2,114,192,-1,8
Amine Rzine,28,702082800,Botola Pro,2019/2020,Goalkeeper,Khouribga,1350,630,720,Morocco,15,7,8,0,0,0,0,0,0,0,0,4,3,1,19,9,10,0,0,0,0,0,0,0,0,1.27,71,90,0,0,0,192,202,102,22
Amine Sadiki,34,521938800,Botola Pro,2019/2020,Defender,Hassania Agadir,575,263,312,Morocco,7,3,4,1,0,1,0,0,0,0,0,2,1,1,5,2,3,2,0,0.16,0,0.16,0,0.29,575,0.78,115,82,288,0,0.31,70,51,54,7
Amine Souane,0,0,Botola Pro,2019/2020,Midfielder,Mouloudia Oujda,30,13,17,Morocco,2,0,0,0,0,0,0,0,0,0,0,1,1,0,0,0,0,0,0,0,0,0,0,0,0,0,0,15,0,0,0,-1,-1,-1,11
Amir El Haddaoui,20,937263600,Botola Pro,2019/2020,Goalkeeper,Raja Casablanca,0,0,0,Morocco,0,0,0,0,0,0,0,0,0,0,0,0,0,0,0,0,0,0,0,0,0,0,0,0,0,0,0,0,0,0,0,-1,-1,-1,-1
Amir Hadaoui,0,0,Botola Pro,2019/2020,Goalkeeper,Raja Casablanca,0,0,0,Morocco,0,0,0,0,0,0,0,0,0,0,0,0,0,0,0,0,0,0,0,0,0,0,0,0,0,0,0,0,0,0,0,-1,-1,-1,-1
Anas Al Asbahi,26,750639600,Botola Pro,2019/2020,Midfielder,Ittihad Tanger,41,41,0,Morocco,1,1,0,0,0,0,0,0,0,0,0,0,0,0,2,2,0,0,0,0,0,0,0,0,0,4.39,21,41,0,0,0,-1,-1,-1,7
Anas Bach,22,887068800,Botola Pro,2019/2020,Defender,FUS Rabat,1530,630,900,Morocco,17,7,10,0,0,0,0,0,0,0,0,7,3,4,9,4,5,2,0,0,0,0,0,0,0,0.53,170,90,765,0,0.12,246,188,15,23
Anas El Ouardani,25,778892400,Botola Pro,2019/2020,Midfielder,Khouribga,272,162,110,Morocco,7,2,1,0,0,0,0,0,0,0,0,4,3,1,2,1,1,1,0,0,0,0,0,0,0,0.66,136,39,272,0,0.33,204,210,-1,19
Anas Eniya,29,669600000,Botola Pro,2019/2020,Defender,Difaâ El Jadida,270,180,90,Morocco,3,2,1,0,0,0,0,0,0,0,0,0,0,0,3,2,1,0,0,0,0,0,0,0,0,1,90,90,0,0,0,-1,-1,-1,19
Anas Jabroun,22,876178800,Botola Pro,2019/2020,Forward,Raja Casablanca,368,206,162,Morocco,8,3,2,0,0,0,0,0,0,0,0,5,2,3,1,1,0,1,0,0,0,0,0,0,0,0.24,368,46,368,0,0.24,129,135,-1,23
Anas Serrhat,0,0,Botola Pro,2019/2020,Defender,CR Khemis Zemamra,1595,837,758,Morocco,21,9,8,0,0,0,0,0,0,0,0,2,2,0,25,11,14,4,0,0,0,0,0,0,0,1.41,64,76,399,0,0.23,226,304,112,24
Anas Zniti,31,594000000,Botola Pro,2019/2020,Goalkeeper,Raja Casablanca,1260,540,720,Morocco,14,6,8,0,0,0,0,0,0,0,0,9,4,5,7,2,5,0,0,0,0,0,0,0,0,0.5,180,90,0,0,0,150,27,10,20
Anouar Jayid,29,657331200,Botola Pro,2019/2020,Defender,Ittihad Tanger,450,180,270,Morocco,5,2,3,0,0,0,0,0,0,0,0,1,1,0,8,1,7,1,0,0,0,0,0,0,0,1.6,56,90,450,0,0.2,200,151,122,13
Anouar tarkhatt,22,873414000,Botola Pro,2019/2020,Defender,FAR Rabat,1620,900,720,Morocco,18,10,8,0,0,0,0,0,0,0,0,4,3,1,17,8,9,3,0,0,0,0,0,0,0,0.94,95,90,540,0,0.17,132,169,72,22
Aouk Badi,25,796431600,Botola Pro,2019/2020,Midfielder,Wydad Casablanca,744,423,321,Morocco,10,4,4,2,2,0,0,0,0,2,0,2,1,1,8,4,4,1,0,0.24,0,0.24,0.43,0,372,0.97,93,74,744,0,0.12,43,142,-1,5
Ayman Chbani,22,899247600,Botola Pro,2019/2020,Defender,FAR Rabat,1422,882,540,Morocco,16,10,6,1,0,1,0,0,0,0,0,5,4,1,14,7,7,5,1,0.06,0,0.06,0,0.17,1422,0.89,102,89,237,0,0.38,121,172,64,7
Aymane Arhihou,0,0,Botola Pro,2019/2020,Forward,FAR Rabat,0,0,0,Morocco,0,0,0,0,0,0,0,0,0,0,0,0,0,0,0,0,0,0,0,0,0,0,0,0,0,0,0,0,0,0,0,-1,-1,-1,-1
Aymane Hassouni,25,793411200,Botola Pro,2019/2020,Midfielder,Wydad Casablanca,746,479,267,Morocco,10,6,3,0,0,0,0,0,0,0,0,3,1,2,7,4,3,2,0,0,0,0,0,0,0,0.84,107,75,373,0,0.24,181,91,-1,17
Aymane Majid,25,789177600,Botola Pro,2019/2020,Goalkeeper,Raja Beni Mellal,270,180,90,Morocco,3,2,1,0,0,0,0,0,0,0,0,3,2,1,0,0,0,0,0,0,0,0,0,0,0,0,0,90,0,0,0,-1,-1,-1,13
Ayoub Al Gaadaoui,28,689385600,Botola Pro,2019/2020,Forward,Olympic Safi,1170,579,591,Morocco,19,6,7,5,2,3,0,0,0,1,0,7,6,1,18,6,12,3,0,0.38,0,0.38,0.31,0.46,234,1.38,65,62,390,0,0.23,19,295,-1,1
Ayoub Benchaoui,23,857347200,Botola Pro,2019/2020,Defender,Difaâ El Jadida,688,450,238,Morocco,9,5,4,0,0,0,0,0,0,0,0,5,4,1,1,0,1,4,1,0,0,0,0,0,0,0.13,688,76,138,0,0.65,274,74,2,24
Ayoub Bouaadli,0,0,Botola Pro,2019/2020,Midfielder,Moghreb Tétouan,307,147,160,Morocco,5,2,2,1,1,0,0,0,0,0,0,3,2,1,4,2,2,1,0,0.29,0,0.29,0.61,0,307,1.17,77,61,307,0,0.29,30,316,-1,7
Ayoub El Amloud,26,765759600,Botola Pro,2019/2020,Defender,Wydad Casablanca,586,404,182,Morocco,9,4,3,0,0,0,0,0,0,0,0,1,0,1,6,4,2,1,0,0,0,0,0,0,0,0.92,98,65,586,0,0.15,188,126,69,29
Ayoub El Kaabi,27,740962800,Botola Pro,2019/2020,Forward,Wydad Casablanca,518,270,248,Morocco,6,3,3,1,1,0,0,0,0,0,0,2,1,1,4,2,2,0,0,0.17,0,0.17,0.33,0,518,0.69,130,86,0,0,0,63,129,-1,11
Ayoub El Ouardighi,0,0,Botola Pro,2019/2020,Defender,Moghreb Tétouan,599,296,303,Morocco,10,3,3,0,0,0,0,0,0,0,0,5,4,1,5,2,3,2,0,0,0,0,0,0,0,0.75,120,60,300,0,0.3,249,196,48,25
Ayoub Jarfi,24,826243200,Botola Pro,2019/2020,Defender,Ittihad Tanger,891,441,450,Morocco,11,5,5,0,0,0,0,0,0,0,0,4,3,1,12,7,5,3,0,0,0,0,0,0,0,1.21,74,81,297,0,0.3,256,182,94,19
Ayoub Lakhal,24,836694000,Botola Pro,2019/2020,Midfielder,Moghreb Tétouan,1414,804,610,Morocco,19,9,7,4,2,2,0,0,0,2,0,10,8,2,10,3,7,2,0,0.25,0,0.25,0.22,0.3,354,0.64,141,74,707,0,0.13,37,197,-1,2
Ayoub Lakred,25,803689200,Botola Pro,2019/2020,Goalkeeper,FAR Rabat,180,90,90,Morocco,2,1,1,0,0,0,0,0,0,0,0,0,0,0,2,1,1,0,0,0,0,0,0,0,0,1,90,90,0,0,0,-1,-1,-1,15
Ayoub Mallouki,25,793324800,Botola Pro,2019/2020,Forward,Hassania Agadir,753,317,436,Morocco,13,5,5,1,1,0,0,0,0,0,0,3,2,1,8,2,6,2,0,0.12,0,0.12,0.28,0,753,0.96,94,58,377,0,0.24,90,46,-1,9
Ayoub Mouddne,22,882748800,Botola Pro,2019/2020,Midfielder,Wydad Casablanca,12,12,0,Morocco,1,0,0,0,0,0,0,0,0,0,0,0,0,0,0,0,0,0,0,0,0,0,0,0,0,0,0,12,0,0,0,-1,-1,-1,31
Ayoub Moudhi,27,715388400,Botola Pro,2019/2020,Defender,Khouribga,540,180,360,Morocco,6,2,4,0,0,0,0,0,0,0,0,2,2,0,7,0,7,2,0,0,0,0,0,0,0,1.17,77,90,270,0,0.33,180,101,87,34
Ayoub Nanah,27,721526400,Botola Pro,2019/2020,Midfielder,Raja Casablanca,456,267,189,Morocco,11,4,1,1,1,0,0,0,0,0,0,7,3,4,1,1,0,0,0,0.2,0,0.2,0.34,0,456,0.2,456,41,0,0,0,52,119,-1,8
Ayoub Qasmi,26,748393200,Botola Pro,2019/2020,Defender,Mouloudia Oujda,1268,399,869,Morocco,16,5,10,0,0,0,0,0,0,0,0,4,3,1,12,3,9,4,0,0,0,0,0,0,0,0.85,106,79,317,0,0.28,301,275,58,13
Ayoub Rahmaoui,0,0,Botola Pro,2019/2020,Defender,Olympic Safi,456,230,226,Morocco,10,1,3,0,0,0,0,0,0,0,0,4,3,1,6,3,3,2,0,0,0,0,0,0,0,1.18,76,46,228,0,0.39,149,28,90,13
Ayoub Skouma,33,543456000,Botola Pro,2019/2020,Midfielder,FUS Rabat,1623,699,924,Morocco,19,8,11,3,2,1,0,0,0,2,0,7,3,4,14,8,6,3,0,0.17,0,0.17,0.26,0.1,541,0.78,116,85,541,0,0.17,60,194,-1,3
Ayoub Talib Rabbih,25,784080000,Botola Pro,2019/2020,Forward,CR Khemis Zemamra,35,0,35,Morocco,1,0,0,0,0,0,0,0,0,0,0,0,0,0,1,0,1,0,0,0,0,0,0,0,0,2.57,35,35,0,0,0,-1,-1,-1,28
Azeddine Nekkab,0,0,Botola Pro,2019/2020,Defender,Raja Beni Mellal,950,630,320,Morocco,11,7,3,1,1,0,0,0,0,1,0,2,2,0,14,11,3,1,0,0.09,0,0.09,0.14,0,950,1.33,68,86,950,0,0.09,97,259,108,3
Azzedine Sellak,21,928364400,Botola Pro,2019/2020,Midfielder,FUS Rabat,0,0,0,Morocco,0,0,0,0,0,0,0,0,0,0,0,0,0,0,0,0,0,0,0,0,0,0,0,0,0,0,0,0,0,0,0,-1,-1,-1,-1
Badr Banoun,26,749343600,Botola Pro,2019/2020,Defender,Raja Casablanca,839,209,630,Morocco,10,2,7,0,0,0,0,0,0,0,0,4,1,3,8,2,6,3,0,0,0,0,0,0,0,0.86,105,84,280,0,0.32,151,26,60,29
Badr Gaddarine,22,877302000,Botola Pro,2019/2020,Midfielder,Wydad Casablanca,700,370,330,Morocco,12,4,4,1,0,1,0,0,0,0,0,3,1,2,7,4,3,1,0,0.13,0,0.13,0,0.27,700,0.9,100,58,700,0,0.13,81,156,-1,13
Badredine Benachour,25,778978800,Botola Pro,2019/2020,Goalkeeper,Wydad Casablanca,0,0,0,Morocco,0,0,0,0,0,0,0,0,0,0,0,0,0,0,0,0,0,0,0,0,0,0,0,0,0,0,0,0,0,0,0,-1,-1,-1,-1
Bahim El Gnaoui,32,570153600,Botola Pro,2019/2020,Midfielder,Olympic Safi,0,0,0,Morocco,0,0,0,0,0,0,0,0,0,0,0,0,0,0,0,0,0,0,0,0,0,0,0,0,0,0,0,0,0,0,0,-1,-1,-1,-1
Bakary Mané,26,772585200,Botola Pro,2019/2020,Defender,Hassania Agadir,1278,720,558,Senegal,15,8,6,0,0,0,0,0,0,0,0,2,1,1,17,9,8,2,0,0,0,0,0,0,0,1.2,75,85,639,0,0.14,266,49,93,24
Bakary N'Diaye,21,912038400,Botola Pro,2019/2020,Defender,Difaâ El Jadida,601,241,360,Mauritania,8,3,4,0,0,0,0,0,0,0,0,3,2,1,4,1,3,2,0,0,0,0,0,0,0,0.6,150,75,301,0,0.3,210,76,23,25
Bakr El Helali,33,553388400,Botola Pro,2019/2020,Midfielder,RSB Berkane,842,403,439,Morocco,12,4,6,0,0,0,0,0,0,0,0,6,2,4,6,4,2,3,1,0,0,0,0,0,0,0.64,140,70,281,0,0.32,288,11,-1,21
Ben Malango Ngita,26,752889600,Botola Pro,2019/2020,Forward,Raja Casablanca,704,231,473,Congo DR,11,1,6,4,1,3,0,0,0,0,0,4,2,2,9,4,5,0,0,0.51,0,0.51,0.39,0.57,176,1.15,78,64,0,0,0,9,79,-1,3
Bi Ya Thomas Renardo Gonazo,29,662515200,Botola Pro,2019/2020,Forward,Raja Beni Mellal,562,309,253,Côte d'Ivoire,10,3,3,1,1,0,0,0,0,0,0,3,3,0,8,3,5,3,1,0.16,0,0.16,0.29,0,562,1.28,70,56,187,0,0.48,68,80,-1,4
Bilal El Megri,31,614127600,Botola Pro,2019/2020,Forward,Difaâ El Jadida,291,162,129,Morocco,9,1,1,0,0,0,0,0,0,0,0,4,3,1,0,0,0,0,0,0,0,0,0,0,0,0,0,32,0,0,0,265,69,-1,21
Bilal Soufi,31,592786800,Botola Pro,2019/2020,Midfielder,Khouribga,67,0,67,Morocco,2,0,1,0,0,0,0,0,0,0,0,0,0,0,2,0,2,0,0,0,0,0,0,0,0,2.69,34,34,0,0,0,-1,-1,-1,24
Botuli Padou Bompunga,28,696729600,Botola Pro,2019/2020,Defender,Mouloudia Oujda,918,285,633,Congo DR,12,3,8,0,0,0,0,0,0,0,0,4,3,1,7,1,6,1,0,0,0,0,0,0,0,0.69,131,77,918,0,0.1,263,239,38,26
Brahim Dahmoun,24,831250800,Botola Pro,2019/2020,Midfielder,FAR Rabat,33,33,0,France,1,0,0,0,0,0,0,0,0,0,0,0,0,0,1,1,0,0,0,0,0,0,0,0,0,2.73,33,33,0,0,0,-1,-1,-1,9
Brahim El Bahraoui,28,712450800,Botola Pro,2019/2020,Forward,Rapide Oued Zem,1126,614,512,Morocco,17,7,6,5,4,1,0,0,0,0,0,7,4,3,7,3,4,2,0,0.4,0,0.4,0.59,0.18,225,0.56,161,66,563,0,0.16,16,250,-1,1
Brahim El Bahri,34,512179200,Botola Pro,2019/2020,Midfielder,CR Khemis Zemamra,1288,507,781,Morocco,16,5,9,6,3,3,0,0,0,0,0,3,3,0,14,4,10,0,0,0.42,0,0.42,0.53,0.35,215,0.98,92,81,0,0,0,14,312,-1,2
Brahim Najmeddine,27,726192000,Botola Pro,2019/2020,Defender,Wydad Casablanca,210,89,121,Morocco,4,1,1,1,1,0,0,0,0,0,0,0,0,0,4,1,3,0,0,0.43,0,0.43,1.01,0,210,1.71,53,53,0,0,0,-1,-1,-1,12
Brahim Nakach,38,381456000,Botola Pro,2019/2020,Midfielder,Wydad Casablanca,1182,591,591,Morocco,14,7,7,0,0,0,0,0,0,0,0,3,1,2,12,6,6,4,1,0,0,0,0,0,0,0.91,99,84,296,0,0.3,190,123,-1,27
Carlos Manuel Santos Fortes,25,784339200,Botola Pro,2019/2020,Forward,Ittihad Tanger,522,270,252,Portugal,7,3,2,0,0,0,0,0,0,0,0,1,1,0,6,3,3,0,0,0,0,0,0,0,0,1.03,87,75,0,0,0,173,108,-1,30
Carof Bakoua,26,747529200,Botola Pro,2019/2020,Midfielder,Khouribga,720,270,450,Congo,8,3,5,0,0,0,0,0,0,0,0,2,2,0,10,1,9,0,0,0,0,0,0,0,0,1.25,72,90,0,0,0,174,100,-1,10
Charaf Eddine Rhourdmani,23,865638000,Botola Pro,2019/2020,Midfielder,Olympic Safi,0,0,0,Morocco,0,0,0,0,0,0,0,0,0,0,0,0,0,0,0,0,0,0,0,0,0,0,0,0,0,0,0,0,0,0,0,-1,-1,-1,-1
Cheick Comara,26,750553200,Botola Pro,2019/2020,Defender,Wydad Casablanca,749,380,369,Côte d'Ivoire,10,5,5,2,2,0,0,0,0,0,0,3,1,2,8,4,4,2,0,0.24,0,0.24,0.47,0,375,0.96,94,75,375,0,0.24,44,127,74,8
Chouaib El Maftoul,25,784425600,Botola Pro,2019/2020,Defender,Difaâ El Jadida,1344,839,505,Morocco,16,10,6,2,1,1,0,0,0,0,0,6,5,1,9,4,5,3,0,0.13,0,0.13,0.11,0.18,672,0.6,149,84,448,0,0.2,80,75,21,2
Claudio Antonio do Nascimento Junior,29,674348400,Botola Pro,2019/2020,Midfielder,Olympic Safi,180,90,90,Brazil,2,1,1,0,0,0,0,0,0,0,0,1,0,1,1,1,0,0,0,0,0,0,0,0,0,0.5,180,90,0,0,0,-1,-1,-1,20
Claudio Rafael Nascimento Santos,27,734828400,Botola Pro,2019/2020,Defender,Olympic Safi,1530,900,630,Brazil,17,10,7,0,0,0,0,0,0,0,0,8,7,1,13,6,7,4,0,0,0,0,0,0,0,0.76,118,90,383,0,0.24,134,34,50,14
Dago Tshibamba Samu,22,873241200,Botola Pro,2019/2020,Midfielder,Khouribga,674,270,404,Congo DR,8,3,4,1,1,0,0,0,0,0,0,2,2,0,9,1,8,0,0,0.13,0,0.13,0.33,0,674,1.2,75,84,0,0,0,82,107,-1,4
Diallo Guidileye,30,630979200,Botola Pro,2019/2020,Midfielder,FUS Rabat,334,180,154,Mauritania,4,2,2,0,0,0,0,0,0,0,0,1,1,0,4,1,3,1,0,0,0,0,0,0,0,1.08,84,84,334,0,0.27,247,195,-1,22
Djibril Cheick Ouattara,20,937695600,Botola Pro,2019/2020,Forward,RSB Berkane,89,44,45,Burkina Faso,4,0,1,0,0,0,0,0,0,0,0,2,1,1,0,0,0,2,1,0,0,0,0,0,0,0,0,22,45,0,2.02,-1,-1,-1,11
Driss Bennani,28,705020400,Botola Pro,2019/2020,Midfielder,Hassania Agadir,394,227,167,Morocco,9,3,2,0,0,0,0,0,0,0,0,2,1,1,5,2,3,0,0,0,0,0,0,0,0,1.14,79,44,0,0,0,269,43,-1,20
Driss Bousbaa,0,0,Botola Pro,2019/2020,Midfielder,FUS Rabat,0,0,0,Morocco,0,0,0,0,0,0,0,0,0,0,0,0,0,0,0,0,0,0,0,0,0,0,0,0,0,0,0,0,0,0,0,-1,-1,-1,-1
Driss El Abdi,27,731721600,Botola Pro,2019/2020,Defender,Khouribga,0,0,0,Morocco,0,0,0,0,0,0,0,0,0,0,0,0,0,0,0,0,0,0,0,0,0,0,0,0,0,0,0,0,0,0,0,-1,-1,-1,-1
Edilson Alberto Monteiro Sanches Borges,25,790300800,Botola Pro,2019/2020,Defender,FAR Rabat,1362,822,540,Portugal,16,10,6,0,0,0,0,0,0,0,0,4,3,1,13,7,6,5,1,0,0,0,0,0,0,0.86,105,85,227,0,0.4,140,37,61,14
El Habib Brija,0,0,Botola Pro,2019/2020,Midfielder,Mouloudia Oujda,4,0,4,Morocco,1,0,0,0,0,0,0,0,0,0,0,0,0,0,0,0,0,0,0,0,0,0,0,0,0,0,0,4,0,0,0,-1,-1,-1,27
El Mehdi El Bassil,32,566438400,Botola Pro,2019/2020,Forward,FUS Rabat,1693,720,973,Morocco,19,8,11,1,0,1,0,0,0,0,0,7,3,4,11,5,6,7,1,0.05,0,0.05,0,0.09,1693,0.58,154,89,242,0,0.37,124,190,-1,9
El Mehdi El Haki,28,713055600,Botola Pro,2019/2020,Midfielder,Khouribga,460,246,214,Morocco,9,3,2,0,0,0,0,0,0,0,0,2,2,0,8,5,3,0,0,0,0,0,0,0,0,1.57,58,51,0,0,0,271,229,-1,23
El Mehdi Karnass,30,637200000,Botola Pro,2019/2020,Midfielder,Difaâ El Jadida,1085,652,433,Morocco,13,7,5,2,1,1,0,0,0,2,0,5,5,0,8,2,6,6,0,0.17,0,0.17,0.14,0.21,543,0.66,136,83,181,0,0.5,59,63,-1,3
El Mehdi Moubarik,19,978825600,Botola Pro,2019/2020,Midfielder,FUS Rabat,0,0,0,Morocco,1,0,0,0,0,0,0,0,0,0,0,1,0,1,0,0,0,0,0,0,0,0,0,0,0,0,0,0,0,0,0,-1,-1,-1,-1
Elhadji Youssoupha Konaté,26,768178800,Botola Pro,2019/2020,Defender,Ittihad Tanger,1223,683,540,Senegal,14,7,6,2,0,2,0,0,0,0,0,5,4,1,17,8,9,0,0,0.15,0,0.15,0,0.33,612,1.25,72,87,0,0,0,74,59,99,1
Elmutasem Abushnaf,28,690076800,Botola Pro,2019/2020,Forward,Rapide Oued Zem,72,42,30,Libya,4,0,0,0,0,0,0,0,0,0,0,1,1,0,0,0,0,0,0,0,0,0,0,0,0,0,0,18,0,0,0,-1,-1,-1,8
Emeka Ogbugh,30,635644800,Botola Pro,2019/2020,Forward,Mouloudia Oujda,251,104,147,Nigeria,6,1,2,2,2,0,0,0,0,0,0,1,1,0,2,0,2,0,0,0.72,0,0.72,1.73,0,126,0.72,126,42,0,0,0,-1,-1,-1,4
Ennaama El Bellali,22,887673600,Botola Pro,2019/2020,Defender,Hassania Agadir,799,360,439,Morocco,10,4,5,0,0,0,0,0,0,0,0,0,0,0,15,6,9,1,0,0,0,0,0,0,0,1.69,53,80,799,0,0.11,270,58,125,18
Essis Beaudeleire Aka,30,631929600,Botola Pro,2019/2020,Midfielder,FAR Rabat,358,207,151,Côte d'Ivoire,6,3,2,0,0,0,0,0,0,0,0,2,2,0,3,1,2,2,0,0,0,0,0,0,0,0.75,119,60,179,0,0.5,172,110,-1,11
Ettayb Boukhriss,20,936313200,Botola Pro,2019/2020,Defender,Difaâ El Jadida,252,162,90,Morocco,3,2,1,0,0,0,0,0,0,0,0,3,2,1,0,0,0,0,0,0,0,0,0,0,0,0,0,84,0,0,0,-1,-1,-1,23
Fabrice Gael Ngah,22,876956400,Botola Pro,2019/2020,Defender,Raja Casablanca,632,362,270,Cameroon,8,4,3,0,0,0,0,0,0,0,0,4,3,1,5,2,3,2,0,0,0,0,0,0,0,0.71,126,79,316,0,0.28,144,24,45,27
Fabrice Luamba Ngoma,26,759196800,Botola Pro,2019/2020,Midfielder,Raja Casablanca,631,180,451,Congo DR,8,2,5,0,0,0,0,0,0,0,0,3,2,1,7,0,7,0,0,0,0,0,0,0,0,1,90,79,0,0,0,131,40,-1,24
Fahd El Ahmadi,40,321753600,Botola Pro,2019/2020,Goalkeeper,Hassania Agadir,0,0,0,Morocco,0,0,0,0,0,0,0,0,0,0,0,0,0,0,0,0,0,0,0,0,0,0,0,0,0,0,0,0,0,0,0,-1,-1,-1,-1
Faouzi Abd El Mouttalib,0,0,Botola Pro,2019/2020,Midfielder,Ittihad Tanger,284,82,202,Morocco,6,1,2,0,0,0,0,0,0,0,0,0,0,0,3,0,3,0,0,0,0,0,0,0,0,0.95,95,47,0,0,0,207,99,-1,11
Fayssal El Bakhtaoui,27,721180800,Botola Pro,2019/2020,Forward,Difaâ El Jadida,256,104,152,Morocco,5,1,2,0,0,0,0,0,0,0,0,1,1,0,3,1,2,0,0,0,0,0,0,0,0,1.05,85,51,0,0,0,-1,-1,-1,26
Gabriel Okechukwu,24,809564400,Botola Pro,2019/2020,Forward,Wydad Casablanca,17,17,0,Nigeria,1,0,0,0,0,0,0,0,0,0,0,0,0,0,0,0,0,0,0,0,0,0,0,0,0,0,0,17,0,0,0,-1,-1,-1,23
Habib Allah Dahmani,26,750726000,Botola Pro,2019/2020,Midfielder,Raja Beni Mellal,211,121,90,Morocco,4,1,1,0,0,0,0,0,0,0,0,2,1,1,2,1,1,0,0,0,0,0,0,0,0,0.85,106,53,0,0,0,-1,-1,-1,12
Haitam El Bahja,26,756604800,Botola Pro,2019/2020,Midfielder,Wydad Casablanca,75,1,74,Morocco,3,0,0,0,0,0,0,0,0,0,0,0,0,0,3,0,3,0,0,0,0,0,0,0,0,3.6,25,25,0,0,0,-1,-1,-1,20
Hamdi Laachir,33,550537200,Botola Pro,2019/2020,Forward,RSB Berkane,1352,815,537,Morocco,17,9,6,2,2,0,0,0,0,0,0,8,3,5,10,6,4,3,0,0.13,0,0.13,0.22,0,676,0.67,135,80,451,0,0.2,85,4,-1,3
Hamid Ahadad,25,786153600,Botola Pro,2019/2020,Forward,Raja Casablanca,977,514,463,Morocco,14,6,5,7,5,2,0,0,0,0,0,8,4,4,5,2,3,2,0,0.64,0,0.64,0.88,0.39,140,0.46,195,70,489,0,0.18,3,144,-1,1
Hamid Boukhriss,28,701308800,Botola Pro,2019/2020,Midfielder,Olympic Safi,0,0,0,Morocco,0,0,0,0,0,0,0,0,0,0,0,0,0,0,0,0,0,0,0,0,0,0,0,0,0,0,0,0,0,0,0,-1,-1,-1,-1
Hamza Ait Allah,0,0,Botola Pro,2019/2020,Midfielder,Rapide Oued Zem,9,9,0,Morocco,1,0,0,0,0,0,0,0,0,0,0,0,0,0,1,1,0,0,0,0,0,0,0,0,0,10,9,9,0,0,0,-1,-1,-1,12
Hamza Asrir,0,0,Botola Pro,2019/2020,Midfielder,Wydad Casablanca,1067,536,531,Morocco,13,6,5,0,0,0,0,0,0,0,0,3,1,2,10,5,5,1,0,0,0,0,0,0,0,0.84,107,82,1067,0,0.08,195,149,-1,21
Hamza Bouftini,0,0,Botola Pro,2019/2020,Midfielder,CR Khemis Zemamra,178,17,161,Morocco,3,0,2,0,0,0,0,0,0,0,0,1,1,0,3,0,3,0,0,0,0,0,0,0,0,1.52,59,59,0,0,0,-1,-1,-1,15
Hamza Darai,0,0,Botola Pro,2019/2020,Forward,Difaâ El Jadida,0,0,0,Morocco,0,0,0,0,0,0,0,0,0,0,0,0,0,0,0,0,0,0,0,0,0,0,0,0,0,0,0,0,0,0,0,-1,-1,-1,-1
Hamza El Madani,28,683074800,Botola Pro,2019/2020,Defender,CR Khemis Zemamra,1154,618,536,Morocco,17,7,6,0,0,0,0,0,0,0,0,3,3,0,16,7,9,3,0,0,0,0,0,0,0,1.25,72,68,385,0,0.23,141,36,98,19
Hamza El Moussaoui,27,734137200,Botola Pro,2019/2020,Defender,Moghreb Tétouan,1246,572,674,Morocco,15,6,7,0,0,0,0,0,0,0,0,6,6,0,11,1,10,1,0,0,0,0,0,0,0,0.79,113,83,1246,0,0.07,212,223,55,27
Hamza Goudali,23,868230000,Botola Pro,2019/2020,Forward,FAR Rabat,215,172,43,Morocco,9,2,0,0,0,0,0,0,0,0,0,3,2,1,1,1,0,0,0,0,0,0,0,0,0,0.42,215,24,0,0,0,-1,-1,-1,19
Hamza Hajji,34,508032000,Botola Pro,2019/2020,Defender,Moghreb Tétouan,373,188,185,Morocco,6,2,2,0,0,0,0,0,0,0,0,4,2,2,4,2,2,0,0,0,0,0,0,0,0,0.97,93,62,0,0,0,234,225,75,29
Hamza Hamiani Akbi,26,761616000,Botola Pro,2019/2020,Goalkeeper,RSB Berkane,90,0,90,Morocco,1,0,1,0,0,0,0,0,0,0,0,1,0,1,0,0,0,0,0,0,0,0,0,0,0,0,0,90,0,0,0,-1,-1,-1,16
Hamza Hannouri,22,885427200,Botola Pro,2019/2020,Midfielder,Difaâ El Jadida,0,0,0,Morocco,1,0,0,0,0,0,0,0,0,0,0,0,0,0,0,0,0,0,0,0,0,0,0,0,0,0,0,0,0,0,0,-1,-1,-1,-1
Hamza Kalai,26,757296000,Botola Pro,2019/2020,Midfielder,Khouribga,804,409,395,Morocco,13,4,4,0,0,0,0,0,0,0,0,3,2,1,18,7,11,0,0,0,0,0,0,0,0,2.01,45,62,0,0,0,169,92,-1,14
Hamza Khaba,24,834274800,Botola Pro,2019/2020,Forward,Olympic Safi,1437,723,714,Morocco,19,8,9,4,4,0,0,0,0,2,0,8,6,2,14,7,7,4,0,0.25,0,0.25,0.5,0,359,0.88,103,76,359,0,0.25,39,207,-1,2
Hamza Moujahid,25,791596800,Botola Pro,2019/2020,Midfielder,FAR Rabat,1478,866,612,Morocco,17,10,7,1,1,0,0,0,0,0,0,5,4,1,13,6,7,5,1,0.06,0,0.06,0.1,0,1478,0.79,114,87,296,0,0.3,116,166,-1,6
Hamza Moussadak,26,765846000,Botola Pro,2019/2020,Midfielder,Youssoufia Berrechid,134,0,134,Morocco,2,0,1,0,0,0,0,0,0,0,0,0,0,0,4,0,4,0,0,0,0,0,0,0,0,2.69,34,67,0,0,0,-1,-1,-1,16
Hamza Regragui,23,866156400,Botola Pro,2019/2020,Defender,RSB Berkane,360,180,180,Morocco,4,2,2,1,1,0,0,0,0,0,0,3,1,2,1,1,0,1,0,0.25,0,0.25,0.5,0,360,0.25,360,90,360,0,0.25,40,3,4,5
Hamza Semmoumy,27,721612800,Botola Pro,2019/2020,Defender,FUS Rabat,302,108,194,Morocco,6,1,2,0,0,0,0,0,0,0,0,1,0,1,5,2,3,0,0,0,0,0,0,0,0,1.49,60,50,0,0,0,253,185,117,18
Hamza Smouni,0,0,Botola Pro,2019/2020,Goalkeeper,Khouribga,0,0,0,Morocco,0,0,0,0,0,0,0,0,0,0,0,0,0,0,0,0,0,0,0,0,0,0,0,0,0,0,0,0,0,0,0,-1,-1,-1,-1
Hamza Toumi,0,0,Botola Pro,2019/2020,Midfielder,Raja Beni Mellal,180,0,180,Morocco,2,0,2,0,0,0,0,0,0,0,0,0,0,0,4,0,4,0,0,0,0,0,0,0,0,2,45,90,0,0,0,-1,-1,-1,18
Hatim El Ouahabi,20,938905200,Botola Pro,2019/2020,Defender,Ittihad Tanger,686,237,449,Morocco,8,3,5,0,0,0,0,0,0,0,0,2,1,1,10,5,5,0,0,0,0,0,0,0,0,1.31,69,86,0,0,0,257,181,105,29
Hatim Essaoubi,0,0,Botola Pro,2019/2020,Forward,FAR Rabat,0,0,0,Morocco,0,0,0,0,0,0,0,0,0,0,0,0,0,0,0,0,0,0,0,0,0,0,0,0,0,0,0,0,0,0,0,-1,-1,-1,-1
Haytam Aina,33,554598000,Botola Pro,2019/2020,Midfielder,Youssoufia Berrechid,1574,854,720,Morocco,18,9,8,0,0,0,0,0,0,0,0,3,2,1,26,14,12,5,0,0,0,0,0,0,0,1.49,61,87,315,0,0.29,215,285,-1,24
Héritier Luvumbu Nzinga,26,774918000,Botola Pro,2019/2020,Midfielder,Youssoufia Berrechid,551,329,222,Congo DR,9,4,3,0,0,0,0,0,0,0,0,2,1,1,11,5,6,1,0,0,0,0,0,0,0,1.8,50,61,551,0,0.16,218,296,-1,22
Hicham Baaouch,0,0,Botola Pro,2019/2020,Midfielder,Raja Beni Mellal,676,385,291,Morocco,10,5,3,0,0,0,0,0,0,0,0,3,2,1,9,5,4,3,0,0,0,0,0,0,0,1.2,75,68,225,0,0.4,146,31,-1,7
Hicham El Araoui,30,632016000,Botola Pro,2019/2020,Midfielder,Rapide Oued Zem,1107,584,523,Morocco,14,7,6,2,2,0,0,0,0,0,0,6,3,3,10,4,6,5,1,0.16,0,0.16,0.31,0,554,0.81,111,79,221,0,0.41,72,62,-1,3
Hicham El Majhad,29,671151600,Botola Pro,2019/2020,Goalkeeper,Ittihad Tanger,1530,720,810,Morocco,17,8,9,0,0,0,0,0,0,0,0,5,4,1,23,8,15,1,0,0,0,0,0,0,0,1.35,67,90,1530,0,0.06,255,183,109,6
Hicham Islah,0,0,Botola Pro,2019/2020,Midfielder,Raja Casablanca,0,0,0,Morocco,0,0,0,0,0,0,0,0,0,0,0,0,0,0,0,0,0,0,0,0,0,0,0,0,0,0,0,0,0,0,0,-1,-1,-1,-1
Hicham Marchad,28,705020400,Botola Pro,2019/2020,Midfielder,CR Khemis Zemamra,1260,644,616,Morocco,22,7,8,1,1,0,0,0,0,0,0,3,3,0,18,9,9,4,0,0.07,0,0.07,0.14,0,1260,1.29,70,57,315,0,0.29,115,299,-1,9
Hicham Massaki,0,0,Botola Pro,2019/2020,Forward,Difaâ El Jadida,163,150,13,Morocco,6,1,0,1,1,0,0,0,0,0,0,2,2,0,1,1,0,2,0,0.55,0,0.55,0.6,0,163,0.55,163,27,82,0,1.1,-1,-1,-1,7
Hicham Taik,33,532137600,Botola Pro,2019/2020,Defender,Youssoufia Berrechid,1306,810,496,Morocco,16,9,5,0,0,0,0,0,0,0,0,3,2,1,23,13,10,4,0,0,0,0,0,0,0,1.58,57,82,327,0,0.28,213,289,120,25
Hilal Ferdaoussi,21,930092400,Botola Pro,2019/2020,Midfielder,Moghreb Tétouan,181,129,52,Morocco,6,1,0,0,0,0,0,0,0,0,0,3,3,0,2,0,2,0,0,0,0,0,0,0,0,0.99,91,30,0,0,0,-1,-1,-1,23
Houdaifa El Mahasni,20,942451200,Botola Pro,2019/2020,Defender,Moghreb Tétouan,93,87,6,Morocco,4,0,0,0,0,0,0,0,0,0,0,2,1,1,1,1,0,0,0,0,0,0,0,0,0,0.97,93,23,0,0,0,-1,-1,-1,15
Houssam Amaanan,26,768697200,Botola Pro,2019/2020,Midfielder,Difaâ El Jadida,960,430,530,Morocco,14,5,6,1,0,1,0,0,0,0,0,6,5,1,7,1,6,2,0,0.09,0,0.09,0,0.17,960,0.66,137,69,480,0,0.19,102,73,-1,5
Houssine Chadli,29,670460400,Botola Pro,2019/2020,Goalkeeper,Youssoufia Berrechid,1710,900,810,Morocco,19,10,9,0,0,0,0,0,0,0,0,3,2,1,28,14,14,1,0,0,0,0,0,0,0,1.47,61,90,1710,0,0.05,224,291,116,21
Houssine Khoukhouche,27,741913200,Botola Pro,2019/2020,Midfielder,Mouloudia Oujda,89,14,75,Morocco,5,0,1,0,0,0,0,0,0,0,0,1,1,0,0,0,0,0,0,0,0,0,0,0,0,0,0,18,0,0,0,-1,-1,-1,16
Ibrahim Bezghoudi,37,423788400,Botola Pro,2019/2020,Midfielder,Ittihad Tanger,500,149,351,Morocco,14,0,3,0,0,0,0,0,0,0,0,1,1,0,9,2,7,1,0,0,0,0,0,0,0,1.62,56,36,500,0,0.18,217,280,-1,18
Ilias Haddad,31,604713600,Botola Pro,2019/2020,Midfielder,Raja Casablanca,528,270,258,Netherlands,7,3,2,0,0,0,0,0,0,0,0,1,0,1,7,4,3,1,0,0,0,0,0,0,0,1.19,75,75,528,0,0.17,155,131,-1,18
Ilyas El Azzaoui,0,0,Botola Pro,2019/2020,Midfielder,Raja Beni Mellal,5,0,5,Morocco,1,0,0,0,0,0,0,0,0,0,0,0,0,0,0,0,0,0,0,0,0,0,0,0,0,0,0,5,0,0,0,-1,-1,-1,31
Imad Ahmout,29,678495600,Botola Pro,2019/2020,Midfielder,Raja Beni Mellal,155,92,63,Morocco,3,1,1,0,0,0,0,0,0,0,0,0,0,0,4,3,1,0,0,0,0,0,0,0,0,2.32,39,52,0,0,0,-1,-1,-1,16
Imad Atfallah,0,0,Botola Pro,2019/2020,Defender,CR Khemis Zemamra,1710,810,900,Morocco,19,9,10,1,0,1,0,0,0,0,0,3,3,0,25,10,15,2,0,0.05,0,0.05,0,0.1,1710,1.32,68,90,855,0,0.11,123,314,106,12
Imad Errahouli,26,757382400,Botola Pro,2019/2020,Midfielder,FAR Rabat,787,484,303,Morocco,16,4,3,3,3,0,0,0,0,0,0,4,3,1,6,4,2,1,0,0.34,0,0.34,0.56,0,262,0.69,131,49,787,0,0.11,24,10,-1,3
Imad Kimaoui,24,832028400,Botola Pro,2019/2020,Midfielder,Hassania Agadir,1057,475,582,Morocco,16,5,7,1,1,0,0,0,0,0,0,3,2,1,13,3,10,4,0,0.09,0,0.09,0.19,0,1057,1.11,81,66,264,0,0.34,98,42,-1,5
Imad Qandil,0,0,Botola Pro,2019/2020,Forward,Raja Beni Mellal,258,144,114,Morocco,4,2,2,0,0,0,0,0,0,0,0,3,2,1,0,0,0,1,0,0,0,0,0,0,0,0,0,65,258,0,0.35,-1,-1,-1,9
Imad Riahi,0,0,Botola Pro,2019/2020,Midfielder,CR Khemis Zemamra,0,0,0,Morocco,0,0,0,0,0,0,0,0,0,0,0,0,0,0,0,0,0,0,0,0,0,0,0,0,0,0,0,0,0,0,0,-1,-1,-1,-1
Ismail El Haddad,30,649638000,Botola Pro,2019/2020,Forward,Wydad Casablanca,632,284,348,Morocco,8,3,4,2,1,1,0,0,0,0,0,3,1,2,6,3,3,1,0,0.28,0,0.28,0.32,0.26,316,0.85,105,79,632,0,0.14,34,138,-1,6
Ismail Gourad,0,0,Botola Pro,2019/2020,Midfielder,Moghreb Tétouan,65,11,54,Morocco,3,0,0,0,0,0,0,0,0,0,0,0,0,0,1,0,1,1,0,0,0,0,0,0,0,1.38,65,22,65,0,1.38,-1,-1,-1,14
Ismail Harrach,31,596592000,Botola Pro,2019/2020,Forward,Khouribga,565,171,394,Morocco,10,2,6,1,0,1,0,0,0,0,0,3,1,2,5,2,3,0,0,0.16,0,0.16,0,0.23,565,0.8,113,57,0,0,0,69,230,-1,7
Ismail Jahour,29,679446000,Botola Pro,2019/2020,Defender,Raja Beni Mellal,180,180,0,Morocco,2,2,0,0,0,0,0,0,0,0,0,2,2,0,0,0,0,0,0,0,0,0,0,0,0,0,0,90,0,0,0,-1,-1,-1,8
Ismail Khafi,0,0,Botola Pro,2019/2020,Forward,Mouloudia Oujda,1210,515,695,Morocco,15,6,8,7,3,4,0,0,0,1,0,5,2,3,9,4,5,4,0,0.52,0,0.52,0.52,0.52,173,0.67,134,81,303,0,0.3,8,256,-1,2
Ismail Lagrayei,21,922579200,Botola Pro,2019/2020,Forward,Raja Casablanca,0,0,0,Morocco,0,0,0,0,0,0,0,0,0,0,0,0,0,0,0,0,0,0,0,0,0,0,0,0,0,0,0,0,0,0,0,-1,-1,-1,-1
Ismail Mokadem,25,806713200,Botola Pro,2019/2020,Defender,RSB Berkane,1060,544,516,Morocco,13,6,6,0,0,0,0,0,0,0,0,7,3,4,8,3,5,5,1,0,0,0,0,0,0,0.68,133,82,212,0,0.42,286,13,36,23
Ismail Qamoum,24,836002800,Botola Pro,2019/2020,Goalkeeper,Hassania Agadir,90,0,90,Morocco,1,0,1,0,0,0,0,0,0,0,0,0,0,0,1,0,1,0,0,0,0,0,0,0,0,1,90,90,0,0,0,-1,-1,-1,17
Issa Sioudi,22,874710000,Botola Pro,2019/2020,Goalkeeper,Wydad Casablanca,0,0,0,Morocco,0,0,0,0,0,0,0,0,0,0,0,0,0,0,0,0,0,0,0,0,0,0,0,0,0,0,0,0,0,0,0,-1,-1,-1,-1
Issam Benbouabdellah,0,0,Botola Pro,2019/2020,Midfielder,CR Khemis Zemamra,1541,630,911,Morocco,18,7,10,0,0,0,0,0,0,0,0,2,2,0,23,7,16,1,0,0,0,0,0,0,0,1.34,67,86,1541,0,0.06,225,305,-1,25
Issam Boudali,32,567993600,Botola Pro,2019/2020,Forward,Olympic Safi,810,468,342,Morocco,15,5,4,1,0,1,0,0,0,0,0,7,6,1,5,1,4,2,0,0.11,0,0.11,0,0.26,810,0.56,162,54,405,0,0.22,95,206,-1,9
Issam Lahlafi,30,620089200,Botola Pro,2019/2020,Goalkeeper,Youssoufia Berrechid,0,0,0,Morocco,0,0,0,0,0,0,0,0,0,0,0,0,0,0,0,0,0,0,0,0,0,0,0,0,0,0,0,0,0,0,0,-1,-1,-1,-1
Issoufou Dayo,29,681433200,Botola Pro,2019/2020,Defender,RSB Berkane,1399,859,540,Burkina Faso,16,10,6,2,1,1,0,0,0,0,0,7,3,4,12,7,5,7,1,0.13,0,0.13,0.1,0.17,700,0.77,117,87,200,0,0.45,83,15,53,4
Jaafar Lghar,31,615942000,Botola Pro,2019/2020,Midfielder,Raja Beni Mellal,549,315,234,Morocco,9,3,3,0,0,0,0,0,0,0,0,2,2,0,7,4,3,0,0,0,0,0,0,0,0,1.15,78,61,0,0,0,309,262,-1,26
Jacques Bakulu Bitumb,26,746492400,Botola Pro,2019/2020,Forward,Khouribga,526,240,286,Congo DR,7,3,3,0,0,0,0,0,0,0,0,2,1,1,7,5,2,0,0,0,0,0,0,0,0,1.2,75,75,0,0,0,285,232,-1,27
Jad Assouab,25,790560000,Botola Pro,2019/2020,Defender,Raja Beni Mellal,1083,633,450,Morocco,13,7,5,0,0,0,0,0,0,0,0,3,3,0,18,11,7,2,0,0,0,0,0,0,0,1.5,60,83,542,0,0.17,305,266,118,30
Jalal Tachtach,26,773190000,Botola Pro,2019/2020,Midfielder,Khouribga,866,390,476,Morocco,12,5,6,1,0,1,0,0,0,0,0,5,4,1,7,1,6,3,1,0.1,0,0.1,0,0.19,866,0.73,124,72,289,0,0.31,96,228,-1,5
Jamaa Marzougui,21,904950000,Botola Pro,2019/2020,Forward,FAR Rabat,0,0,0,Morocco,0,0,0,0,0,0,0,0,0,0,0,0,0,0,0,0,0,0,0,0,0,0,0,0,0,0,0,0,0,0,0,-1,-1,-1,-1
Jamal Ayoub,0,0,Botola Pro,2019/2020,Forward,CR Khemis Zemamra,17,6,11,Morocco,3,0,0,1,1,0,0,0,0,0,0,1,1,0,0,0,0,0,0,5.29,0,5.29,15,0,17,0,0,6,0,0,0,-1,-1,-1,8
Jamal Ech-Chammakh,0,0,Botola Pro,2019/2020,Midfielder,Hassania Agadir,698,394,304,Morocco,10,4,3,0,0,0,0,0,0,0,0,2,2,0,11,5,6,2,0,0,0,0,0,0,0,1.42,63,70,349,0,0.26,163,82,-1,12
Jamal Harkass,24,817171200,Botola Pro,2019/2020,Defender,Mouloudia Oujda,1186,487,699,Morocco,14,6,8,0,0,0,0,0,0,0,0,6,3,3,8,3,5,6,1,0,0,0,0,0,0,0.61,148,85,198,0,0.46,293,245,25,24
Jawad Ghabra,25,784339200,Botola Pro,2019/2020,Forward,CR Khemis Zemamra,1212,643,569,Morocco,22,8,6,2,2,0,0,0,0,0,0,3,3,0,21,9,12,3,0,0.15,0,0.15,0.28,0,606,1.56,58,55,404,0,0.22,76,306,-1,5
Jawad Khallouki,0,0,Botola Pro,2019/2020,Defender,Difaâ El Jadida,512,288,224,Morocco,7,3,2,0,0,0,0,0,0,0,0,1,1,0,7,3,4,0,0,0,0,0,0,0,0,1.23,73,73,0,0,0,279,65,95,18
Jean-Joseph Kombous,25,799196400,Botola Pro,2019/2020,Forward,FUS Rabat,1376,642,734,Cameroon,19,8,9,6,3,3,0,0,0,2,0,5,3,2,15,9,6,1,0,0.39,0,0.39,0.42,0.37,229,0.98,92,72,1376,0,0.07,18,189,-1,1
Joel Madondo,22,890870400,Botola Pro,2019/2020,Forward,Wydad Casablanca,51,0,51,Uganda,1,0,1,0,0,0,0,0,0,0,0,0,0,0,1,0,1,0,0,0,0,0,0,0,0,1.76,51,51,0,0,0,-1,-1,-1,18
Jonathan Ifunga Ifasso,21,921024000,Botola Pro,2019/2020,Midfielder,Difaâ El Jadida,573,312,261,Congo DR,12,4,3,1,0,1,0,0,0,0,0,4,3,1,4,1,3,1,0,0.16,0,0.16,0,0.34,573,0.63,143,48,573,0,0.16,73,68,-1,8
Joseph Guédé Gnadou,0,0,Botola Pro,2019/2020,Forward,FAR Rabat,1400,798,602,Côte d'Ivoire,17,9,7,8,4,4,0,0,0,0,0,4,3,1,14,6,8,6,0,0.51,0,0.51,0.45,0.6,175,0.9,100,82,233,0,0.39,10,165,-1,1
Kamal Ait El Haj,36,452818800,Botola Pro,2019/2020,Midfielder,Ittihad Tanger,410,230,180,Morocco,5,3,2,0,0,0,0,0,0,0,0,2,1,1,6,5,1,0,0,0,0,0,0,0,0,1.32,68,82,0,0,0,258,198,-1,26
Kamal Belarbi,0,0,Botola Pro,2019/2020,Midfielder,Moghreb Tétouan,15,0,15,Morocco,1,0,0,0,0,0,0,0,0,0,0,0,0,0,0,0,0,0,0,0,0,0,0,0,0,0,0,15,0,0,0,-1,-1,-1,30
Karim Ait Mohamed,20,948931200,Botola Pro,2019/2020,Midfielder,Hassania Agadir,0,0,0,Morocco,0,0,0,0,0,0,0,0,0,0,0,0,0,0,0,0,0,0,0,0,0,0,0,0,0,0,0,0,0,0,0,-1,-1,-1,-1
Karim Ait Mohamed,20,948931200,Botola Pro,2019/2020,Midfielder,Hassania Agadir,844,422,422,Morocco,12,5,5,0,0,0,0,0,0,0,0,1,1,0,14,6,8,0,0,0,0,0,0,0,0,1.49,60,70,0,0,0,197,95,-1,14
Karim Benarif,27,727488000,Botola Pro,2019/2020,Midfielder,FUS Rabat,33,0,33,Morocco,2,0,0,0,0,0,0,0,0,0,0,0,0,0,1,0,1,0,0,0,0,0,0,0,0,2.73,33,17,0,0,0,-1,-1,-1,25
Karim El Berkaoui,25,796431600,Botola Pro,2019/2020,Forward,Hassania Agadir,1091,647,444,Morocco,16,7,4,8,3,5,0,0,0,3,0,1,1,0,14,8,6,1,0,0.66,0,0.66,0.42,1.01,136,1.15,78,68,1091,0,0.08,2,94,-1,1
Karim El Hany,32,568944000,Botola Pro,2019/2020,Midfielder,Mouloudia Oujda,1363,456,907,France,17,4,11,0,0,0,0,0,0,0,0,6,3,3,8,2,6,5,1,0,0,0,0,0,0,0.53,170,80,273,0,0.33,294,244,-1,23
Karim Hachimi,24,823478400,Botola Pro,2019/2020,Forward,Youssoufia Berrechid,1091,577,514,Morocco,14,8,6,1,1,0,0,0,0,0,0,2,1,1,19,10,9,2,0,0.08,0,0.08,0.16,0,1091,1.57,57,78,546,0,0.16,107,282,-1,9
Kassi Akesse Mathias,33,532915200,Botola Pro,2019/2020,Defender,Khouribga,765,405,360,Côte d'Ivoire,9,5,4,0,0,0,0,0,0,0,0,2,1,1,10,5,5,3,1,0,0,0,0,0,0,1.18,77,85,255,0,0.35,187,201,91,33
Kazadi Kasengu,28,711586800,Botola Pro,2019/2020,Forward,Wydad Casablanca,648,378,270,Congo DR,8,4,3,4,3,1,0,0,0,0,0,0,0,0,10,4,6,0,0,0.56,0,0.56,0.71,0.33,162,1.39,65,81,0,0,0,6,89,-1,1
Khalid Ait Ouarkhane,20,956358000,Botola Pro,2019/2020,Midfielder,FAR Rabat,9,3,6,Morocco,2,0,0,0,0,0,0,0,0,0,0,0,0,0,0,0,0,0,0,0,0,0,0,0,0,0,0,5,0,0,0,-1,-1,-1,12
Khalid El Ghafouli,26,765759600,Botola Pro,2019/2020,Defender,Rapide Oued Zem,626,439,187,Morocco,9,5,2,0,0,0,0,0,0,0,0,3,1,2,6,5,1,0,0,0,0,0,0,0,0,0.86,104,70,0,0,0,164,97,59,10
Khalid Kbiri Alaoui,24,835916400,Botola Pro,2019/2020,Goalkeeper,Raja Beni Mellal,720,540,180,Morocco,8,6,2,0,0,0,0,0,0,0,0,2,2,0,11,9,2,0,0,0,0,0,0,0,0,1.38,65,90,0,0,0,303,267,111,6
Khalid Serroukh,30,641257200,Botola Pro,2019/2020,Midfielder,Khouribga,1114,557,557,Morocco,16,7,6,1,1,0,0,0,0,0,0,5,3,2,13,8,5,0,0,0.08,0,0.08,0.16,0,1114,1.05,86,70,0,0,0,104,235,-1,6
Khalid Tahiri,0,0,Botola Pro,2019/2020,Defender,Difaâ El Jadida,99,90,9,Morocco,5,1,0,0,0,0,0,0,0,0,0,2,1,1,1,1,0,0,0,0,0,0,0,0,0,0.91,99,20,0,0,0,-1,-1,-1,20
Khalil Benhomes,30,630979200,Botola Pro,2019/2020,Defender,Moghreb Tétouan,734,418,316,Morocco,9,5,4,0,0,0,0,0,0,0,0,6,4,2,5,2,3,0,0,0,0,0,0,0,0,0.61,147,82,0,0,0,315,56,24,19
Koffi Davy Mahinde Boua,33,527554800,Botola Pro,2019/2020,Forward,Olympic Safi,840,542,298,Côte d'Ivoire,14,6,3,1,1,0,0,0,0,1,0,6,5,1,3,1,2,0,0,0.11,0,0.11,0.17,0,840,0.32,280,60,0,0,0,92,209,-1,6
Lahcen Dahdouh,0,0,Botola Pro,2019/2020,Midfielder,CR Khemis Zemamra,114,37,77,Morocco,5,0,1,1,0,1,0,0,0,0,0,0,0,0,1,0,1,1,0,0.79,0,0.79,0,1.17,114,0.79,114,23,114,0,0.79,-1,-1,-1,11
Lamina Diakité,29,676940400,Botola Pro,2019/2020,Midfielder,Mouloudia Oujda,1460,564,896,Côte d'Ivoire,17,6,10,2,2,0,0,0,0,0,0,5,3,2,11,3,8,7,2,0.12,0,0.12,0.32,0,730,0.68,133,86,209,0,0.43,89,273,-1,5
Larbi Naji,29,660960000,Botola Pro,2019/2020,Midfielder,RSB Berkane,1170,720,450,Morocco,13,8,5,0,0,0,0,0,0,0,0,7,3,4,7,6,1,6,0,0,0,0,0,0,0,0.54,167,90,195,0,0.46,211,2,-1,19
Laurent Junior Magby Gbagbo,26,755827200,Botola Pro,2019/2020,Forward,Wydad Casablanca,59,20,39,Côte d'Ivoire,3,0,0,2,0,2,0,0,0,0,0,1,0,1,3,1,2,0,0,3.05,0,3.05,0,4.62,30,4.58,20,20,0,0,0,-1,-1,-1,4
Maati Allali,30,629510400,Botola Pro,2019/2020,Midfielder,Raja Beni Mellal,1223,720,503,Morocco,15,8,5,0,0,0,0,0,0,0,0,4,3,1,17,11,6,1,0,0,0,0,0,0,0,1.25,72,82,1223,0,0.07,310,261,-1,25
Maati Tamayazou,23,868489200,Botola Pro,2019/2020,Midfielder,Raja Casablanca,180,53,127,Morocco,4,1,2,0,0,0,0,0,0,0,0,1,0,1,1,1,0,0,0,0,0,0,0,0,0,0.5,180,45,0,0,0,-1,-1,-1,14
Mahamadou Bamba N'Diaye,30,648514800,Botola Pro,2019/2020,Defender,FUS Rabat,183,180,3,Mali,6,2,0,0,0,0,0,0,0,0,0,4,2,2,1,1,0,2,1,0,0,0,0,0,0,0.49,183,31,92,0,0.98,-1,-1,-1,20
Mahdi Benabid,22,885600000,Botola Pro,2019/2020,Goalkeeper,FUS Rabat,630,360,270,Morocco,7,4,3,0,0,0,0,0,0,0,0,1,1,0,10,6,4,1,0,0,0,0,0,0,0,1.43,63,90,630,0,0.14,244,168,114,10
Mahmoud Benhalib,24,827539200,Botola Pro,2019/2020,Forward,Raja Casablanca,148,46,102,Morocco,3,1,2,2,0,2,0,0,0,0,0,1,1,0,1,0,1,0,0,1.22,0,1.22,0,1.76,74,0.61,148,49,0,0,0,-1,-1,-1,5
Majid Samih,22,901926000,Botola Pro,2019/2020,Forward,FUS Rabat,32,0,32,Morocco,2,0,0,0,0,0,0,0,0,0,0,1,0,1,0,0,0,1,0,0,0,0,0,0,0,0,0,16,32,0,2.81,-1,-1,-1,13
Malick Cisse,26,770943600,Botola Pro,2019/2020,Forward,Hassania Agadir,732,394,338,Senegal,11,5,4,1,0,1,0,0,0,0,0,2,1,1,9,5,4,1,0,0.12,0,0.12,0,0.27,732,1.11,81,67,732,0,0.12,86,44,-1,10
Marouane Hadhoudi,28,697939200,Botola Pro,2019/2020,Defender,Difaâ El Jadida,1290,840,450,Morocco,15,10,5,1,1,0,0,0,0,0,0,5,5,0,10,4,6,5,0,0.07,0,0.07,0.11,0,1290,0.7,129,86,258,0,0.35,113,64,42,4
Martín Bengoa Díez,25,785376000,Botola Pro,2019/2020,Midfielder,Moghreb Tétouan,1077,526,551,Spain,14,6,6,0,0,0,0,0,0,0,0,7,6,1,6,1,5,3,0,0,0,0,0,0,0,0.5,180,77,359,0,0.25,222,222,-1,26
Marwan Louadni,0,0,Botola Pro,2019/2020,Defender,FUS Rabat,319,139,180,Morocco,4,2,2,0,0,0,0,0,0,0,0,0,0,0,8,5,3,3,1,0,0,0,0,0,0,2.26,40,80,106,0,0.85,302,271,133,15
Mehdi Attouchi,25,793843200,Botola Pro,2019/2020,Defender,Olympic Safi,321,136,185,Morocco,7,2,2,0,0,0,0,0,0,0,0,1,1,0,2,0,2,0,0,0,0,0,0,0,0,0.56,161,46,0,0,0,194,204,18,16
Mehdi Belaroussi,30,630547200,Botola Pro,2019/2020,Defender,Moghreb Tétouan,281,90,191,Morocco,5,1,2,1,1,0,0,0,0,0,0,3,2,1,2,0,2,0,0,0.32,0,0.32,1,0,281,0.64,141,56,0,0,0,27,175,28,9
Mehdi Bellarabi,0,0,Botola Pro,2019/2020,Goalkeeper,FUS Rabat,0,0,0,Morocco,0,0,0,0,0,0,0,0,0,0,0,0,0,0,0,0,0,0,0,0,0,0,0,0,0,0,0,0,0,0,0,-1,-1,-1,-1
Mehdi Bettache,25,799455600,Botola Pro,2019/2020,Midfielder,FUS Rabat,261,152,109,Morocco,7,2,1,1,1,0,0,0,0,0,0,0,0,0,5,4,1,0,0,0.34,0,0.34,0.59,0,261,1.72,52,37,0,0,0,-1,-1,-1,7
Mehdi El Jourbaoui,27,726278400,Botola Pro,2019/2020,Goalkeeper,CR Khemis Zemamra,675,315,360,Morocco,8,3,4,0,0,0,0,0,0,0,0,0,0,0,12,5,7,1,0,0,0,0,0,0,0,1.6,56,84,675,0,0.13,220,308,123,18
Mehdi Khalis,31,600048000,Botola Pro,2019/2020,Defender,Olympic Safi,1530,720,810,Morocco,17,8,9,2,0,2,0,0,0,0,0,7,5,2,13,4,9,5,0,0.12,0,0.12,0,0.22,765,0.76,118,90,306,0,0.29,91,215,51,4
Mehdi Khallati,29,665884800,Botola Pro,2019/2020,Defender,Ittihad Tanger,935,395,540,Morocco,11,5,6,0,0,0,0,0,0,0,0,3,2,1,14,3,11,1,0,0,0,0,0,0,0,1.35,67,85,935,0,0.1,206,118,110,12
Mehdi Lemzaouri,27,741999600,Botola Pro,2019/2020,Defender,CR Khemis Zemamra,1124,621,503,Morocco,15,7,6,1,0,1,0,0,0,0,0,1,1,0,16,10,6,2,1,0.08,0,0.08,0,0.18,1124,1.28,70,75,375,0,0.24,103,315,104,7
Mehdi Maftah,27,744937200,Botola Pro,2019/2020,Goalkeeper,Mouloudia Oujda,874,450,424,Morocco,10,5,4,0,0,0,0,0,0,0,0,2,2,0,8,3,5,0,0,0,0,0,0,0,0,0.82,109,87,0,0,0,300,268,56,9
Mehdi Malih,20,943920000,Botola Pro,2019/2020,Midfielder,RSB Berkane,0,0,0,Morocco,0,0,0,0,0,0,0,0,0,0,0,0,0,0,0,0,0,0,0,0,0,0,0,0,0,0,0,0,0,0,0,-1,-1,-1,-1
Mehdi Mesyaf,29,666576000,Botola Pro,2019/2020,Midfielder,Raja Beni Mellal,844,450,394,Morocco,10,5,5,0,0,0,0,0,0,0,0,2,2,0,14,7,7,2,0,0,0,0,0,0,0,1.49,60,84,422,0,0.21,314,57,-1,17
Mehdi Moufaddal,26,764726400,Botola Pro,2019/2020,Defender,Rapide Oued Zem,563,175,388,Morocco,7,2,5,0,0,0,0,0,0,0,0,4,1,3,4,2,2,1,0,0,0,0,0,0,0,0.64,141,80,563,0,0.16,280,60,29,14
Mehdi Naghmi,31,593391600,Botola Pro,2019/2020,Forward,Mouloudia Oujda,853,278,575,Morocco,17,2,6,2,0,2,0,0,0,1,0,4,3,1,7,1,6,3,0,0.21,0,0.21,0,0.31,427,0.74,122,50,284,0,0.32,49,274,-1,7
Mehdi Oubilla,28,714006000,Botola Pro,2019/2020,Midfielder,Hassania Agadir,900,540,360,Morocco,10,6,4,2,1,1,0,0,0,0,0,2,1,1,10,6,4,5,0,0.2,0,0.2,0.17,0.25,450,1,90,90,180,0,0.5,50,41,-1,2
Mehdi Talbi,0,0,Botola Pro,2019/2020,Defender,Youssoufia Berrechid,385,205,180,Morocco,5,3,2,0,0,0,0,0,0,0,0,2,2,0,3,1,2,1,0,0,0,0,0,0,0,0.7,128,77,385,0,0.23,154,152,43,17
Mehdi Zaya,24,828313200,Botola Pro,2019/2020,Defender,Khouribga,879,447,432,Morocco,13,5,5,0,0,0,0,0,0,0,0,3,2,1,13,7,6,2,0,0,0,0,0,0,0,1.33,68,68,440,0,0.2,282,20,107,17
Michael Babatunde,27,725155200,Botola Pro,2019/2020,Midfielder,Wydad Casablanca,189,104,85,Nigeria,4,1,1,3,1,2,0,0,0,0,0,2,1,1,0,0,0,3,0,1.43,0,1.43,0.87,2.12,63,0,0,47,63,0,1.43,-1,-1,-1,2
Mohamed Akid,27,715561200,Botola Pro,2019/2020,Goalkeeper,Rapide Oued Zem,1703,900,803,Morocco,19,10,9,0,0,0,0,0,0,0,0,8,4,4,12,6,6,3,1,0,0,0,0,0,0,0.63,142,90,568,0,0.16,228,301,27,16
Mohamed Al Idrissi,27,737593200,Botola Pro,2019/2020,Midfielder,Raja Beni Mellal,1098,577,521,Morocco,13,6,6,0,0,0,0,0,0,0,0,4,3,1,15,8,7,2,1,0,0,0,0,0,0,1.23,73,84,366,0,0.25,308,263,-1,27
Mohamed Al Makahasi,25,791942400,Botola Pro,2019/2020,Midfielder,Raja Casablanca,1013,531,482,Morocco,16,7,5,0,0,0,0,0,0,0,0,9,5,4,7,2,5,2,0,0,0,0,0,0,0,0.62,145,63,507,0,0.18,214,218,-1,9
Mohamed Ali Ahacha Manali,0,0,Botola Pro,2019/2020,Defender,Moghreb Tétouan,645,367,278,Morocco,9,4,3,0,0,0,0,0,0,0,0,4,3,1,5,2,3,2,0,0,0,0,0,0,0,0.7,129,72,323,0,0.28,202,147,41,10
Mohamed Ali Benhsain,24,835916400,Botola Pro,2019/2020,Forward,Olympic Safi,0,0,0,Morocco,0,0,0,0,0,0,0,0,0,0,0,0,0,0,0,0,0,0,0,0,0,0,0,0,0,0,0,0,0,0,0,-1,-1,-1,-1
Mohamed Amsif,31,602812800,Botola Pro,2019/2020,Goalkeeper,FUS Rabat,1260,450,810,Morocco,14,5,9,0,0,0,0,0,0,0,0,6,2,4,6,3,3,3,0,0,0,0,0,0,0,0.43,210,90,420,0,0.21,292,269,6,14
Mohamed Askari,32,579222000,Botola Pro,2019/2020,Midfielder,Rapide Oued Zem,132,115,17,Morocco,5,1,0,0,0,0,0,0,0,0,0,2,1,1,2,2,0,1,0,0,0,0,0,0,0,1.36,66,26,132,0,0.68,-1,-1,-1,11
Mohamed Askender,0,0,Botola Pro,2019/2020,Midfielder,Difaâ El Jadida,119,100,19,Morocco,3,1,0,0,0,0,0,0,0,0,0,0,0,0,2,1,1,0,0,0,0,0,0,0,0,1.51,60,40,0,0,0,-1,-1,-1,13
Mohamed Ayman Sadil,26,771202800,Botola Pro,2019/2020,Defender,Ittihad Tanger,571,225,346,Morocco,8,3,4,0,0,0,0,0,0,0,0,2,2,0,12,2,10,3,1,0,0,0,0,0,0,1.89,48,71,143,0,0.63,261,294,131,21
Mohamed Baayou,27,726710400,Botola Pro,2019/2020,Goalkeeper,FAR Rabat,1530,900,630,Morocco,17,10,7,0,0,0,0,0,0,0,0,5,4,1,15,7,8,1,0,0,0,0,0,0,0,0.88,102,90,1530,0,0.06,241,173,62,8
Mohamed Ben Hssaine,23,863391600,Botola Pro,2019/2020,Forward,Hassania Agadir,188,12,176,Morocco,8,0,2,0,0,0,0,0,0,0,0,2,1,1,3,0,3,0,0,0,0,0,0,0,0,1.44,63,24,0,0,0,-1,-1,-1,21
Mohamed Bentarcha,0,0,Botola Pro,2019/2020,Midfielder,RSB Berkane,0,0,0,Morocco,0,0,0,0,0,0,0,0,0,0,0,0,0,0,0,0,0,0,0,0,0,0,0,0,0,0,0,0,0,0,0,-1,-1,-1,-1
Mohamed Bouamira,32,572400000,Botola Pro,2019/2020,Goalkeeper,Raja Casablanca,450,180,270,Morocco,5,2,3,0,0,0,0,0,0,0,0,1,0,1,5,3,2,0,0,0,0,0,0,0,0,1,90,90,0,0,0,183,130,79,10
Mohamed Boujad,32,572745600,Botola Pro,2019/2020,Goalkeeper,Mouloudia Oujda,832,180,652,Morocco,10,2,8,0,0,0,0,0,0,0,0,4,1,3,5,1,4,1,1,0,0,0,0,0,0,0.54,166,83,416,0,0.22,237,247,16,18
Mohamed Cheikhi,26,759542400,Botola Pro,2019/2020,Defender,Youssoufia Berrechid,451,156,295,Morocco,6,2,4,0,0,0,0,0,0,0,0,0,0,0,9,5,4,2,0,0,0,0,0,0,0,1.8,50,75,226,0,0.4,198,153,128,13
Mohamed Chibi,27,727574400,Botola Pro,2019/2020,Defender,Ittihad Tanger,286,160,126,Morocco,6,1,1,0,0,0,0,0,0,0,0,1,0,1,6,5,1,0,0,0,0,0,0,0,0,1.89,48,48,0,0,0,166,109,130,8
Mohamed Douik,21,920246400,Botola Pro,2019/2020,Midfielder,Raja Casablanca,280,259,21,Morocco,7,3,0,0,0,0,0,0,0,0,0,3,2,1,2,2,0,1,1,0,0,0,0,0,0,0.64,140,40,140,0,0.64,203,143,-1,16
Mohamed El Amraoui,27,725932800,Botola Pro,2019/2020,Defender,Ittihad Tanger,234,90,144,Morocco,5,1,1,1,1,0,0,0,0,1,0,1,0,1,4,4,0,0,0,0.38,0,0.38,1,0,234,1.54,59,47,0,0,0,-1,-1,-1,5
Mohamed El Helou,0,0,Botola Pro,2019/2020,Goalkeeper,Youssoufia Berrechid,90,0,90,Morocco,1,0,1,0,0,0,0,0,0,0,0,0,0,0,3,0,3,0,0,0,0,0,0,0,0,3,30,90,0,0,0,-1,-1,-1,12
Mohamed El Jaaouani,25,777596400,Botola Pro,2019/2020,Defender,Rapide Oued Zem,771,585,186,Morocco,12,8,3,0,0,0,0,0,0,0,0,6,3,3,3,3,0,6,0,0,0,0,0,0,0,0.35,257,64,129,0,0.7,262,249,5,17
Mohamed El Yousfi,29,664156800,Botola Pro,2019/2020,Goalkeeper,Difaâ El Jadida,1260,810,450,Morocco,14,9,5,0,0,0,0,0,0,0,0,6,5,1,8,3,5,1,0,0,0,0,0,0,0,0.57,158,90,1260,0,0.07,272,70,19,11
Mohamed Ferni,0,0,Botola Pro,2019/2020,Goalkeeper,Khouribga,540,270,270,Morocco,6,3,3,0,0,0,0,0,0,0,0,2,1,1,7,2,5,0,0,0,0,0,0,0,0,1.17,77,90,0,0,0,299,227,89,20
Mohamed Fikri,26,751071600,Botola Pro,2019/2020,Forward,FAR Rabat,717,380,337,Morocco,15,4,4,3,1,2,0,0,0,0,0,4,3,1,9,4,5,2,0,0.38,0,0.38,0.24,0.53,239,1.13,80,48,359,0,0.25,20,164,-1,4
Mohamed Hamdane,32,582073200,Botola Pro,2019/2020,Midfielder,CR Khemis Zemamra,1261,635,626,Morocco,17,8,7,0,0,0,0,0,0,0,0,2,2,0,19,8,11,2,0,0,0,0,0,0,0,1.36,66,74,631,0,0.14,142,35,-1,13
Mohamed Hamza Hajjar,0,0,Botola Pro,2019/2020,Midfielder,Raja Beni Mellal,1015,613,402,Morocco,12,7,5,0,0,0,0,0,0,0,0,5,4,1,10,6,4,2,0,0,0,0,0,0,0,0.89,102,85,508,0,0.18,311,260,-1,24
Mohamed Kamal,24,814492800,Botola Pro,2019/2020,Midfielder,CR Khemis Zemamra,588,193,395,Morocco,10,2,4,3,1,2,0,0,0,0,0,0,0,0,11,4,7,1,0,0.46,0,0.46,0.47,0.46,196,1.68,53,59,588,0,0.15,11,141,-1,4
Mohamed Lahlali,26,746406000,Botola Pro,2019/2020,Forward,Khouribga,87,78,9,Morocco,4,0,0,0,0,0,0,0,0,0,0,0,0,0,3,3,0,1,0,0,0,0,0,0,0,3.1,29,22,87,0,1.03,-1,-1,-1,18
Mohamed Morabit,21,905468400,Botola Pro,2019/2020,Midfielder,Olympic Safi,1665,860,805,Morocco,19,10,9,1,1,0,0,0,0,0,0,8,6,2,16,7,9,1,0,0.05,0,0.05,0.1,0,1665,0.86,104,88,1665,0,0.05,122,211,-1,5
Mohamed Morad Naji,29,651452400,Botola Pro,2019/2020,Defender,Olympic Safi,1313,773,540,Morocco,15,9,6,0,0,0,0,0,0,0,0,8,7,1,10,3,7,3,0,0,0,0,0,0,0,0.69,131,88,438,0,0.21,165,214,39,21
Mohamed Moufid,0,0,Botola Pro,2019/2020,Defender,FAR Rabat,180,90,90,Morocco,2,1,1,0,0,0,0,0,0,0,0,0,0,0,2,1,1,0,0,0,0,0,0,0,0,1,90,90,0,0,0,-1,-1,-1,24
Mohamed Ouattara,21,930524400,Botola Pro,2019/2020,Goalkeeper,CR Khemis Zemamra,8,0,8,Côte d'Ivoire,1,0,0,0,0,0,0,0,0,0,0,0,0,0,0,0,0,0,0,0,0,0,0,0,0,0,0,8,0,0,0,-1,-1,-1,20
Mohamed Rouhi,24,820454400,Botola Pro,2019/2020,Midfielder,Rapide Oued Zem,796,412,384,Morocco,14,4,4,1,1,0,0,0,0,0,0,6,3,3,6,2,4,2,0,0.11,0,0.11,0.22,0,796,0.68,133,57,398,0,0.23,94,254,-1,7
Mohamed Said,0,0,Botola Pro,2019/2020,Goalkeeper,Moghreb Tétouan,90,90,0,Morocco,1,1,0,0,0,0,0,0,0,0,0,1,1,0,0,0,0,1,0,0,0,0,0,0,0,0,0,90,90,0,1,-1,-1,-1,12
Mohamed Saidi,25,781743600,Botola Pro,2019/2020,Defender,FUS Rabat,329,129,200,Morocco,7,1,2,0,0,0,0,0,0,0,0,2,1,1,4,3,1,3,1,0,0,0,0,0,0,1.09,82,47,82,0,1.09,252,186,83,19
Mohamed Saoud,24,822960000,Botola Pro,2019/2020,Defender,FUS Rabat,0,0,0,Morocco,0,0,0,0,0,0,0,0,0,0,0,0,0,0,0,0,0,0,0,0,0,0,0,0,0,0,0,0,0,0,0,-1,-1,-1,-1
Mohamed Tsouli,29,677718000,Botola Pro,2019/2020,Midfielder,Youssoufia Berrechid,108,30,78,Morocco,3,0,1,0,0,0,0,0,0,0,0,0,0,0,2,1,1,1,1,0,0,0,0,0,0,1.67,54,36,54,0,1.67,-1,-1,-1,14
Mohamed Zrida,0,0,Botola Pro,2019/2020,Midfielder,Raja Casablanca,886,260,626,Morocco,12,3,8,0,0,0,0,0,0,0,0,5,0,5,8,4,4,3,0,0,0,0,0,0,0,0.81,111,74,295,0,0.3,153,133,-1,17
Mohammad El Fakih,30,634348800,Botola Pro,2019/2020,Midfielder,Khouribga,769,369,400,Morocco,14,3,4,2,1,1,0,0,0,2,0,5,4,1,8,1,7,4,0,0.23,0,0.23,0.24,0.23,385,0.94,96,55,192,0,0.47,45,163,-1,3
Mohammed Ali Bemammer,30,627436800,Botola Pro,2019/2020,Midfielder,FAR Rabat,1350,720,630,Morocco,15,8,7,0,0,0,0,0,0,0,0,3,3,0,15,6,9,5,1,0,0,0,0,0,0,1,90,90,225,0,0.4,273,167,-1,21
Mohammed Aziz,35,470793600,Botola Pro,2019/2020,Defender,RSB Berkane,1350,720,630,Morocco,15,8,7,5,5,0,0,0,0,2,0,8,2,6,7,6,1,4,0,0.33,0,0.33,0.63,0,270,0.47,193,90,338,0,0.27,25,14,8,1
Mohammed Farehane,24,832719600,Botola Pro,2019/2020,Midfielder,RSB Berkane,501,370,131,Morocco,11,4,2,0,0,0,0,0,0,0,0,8,2,6,1,1,0,2,0,0,0,0,0,0,0,0.18,501,46,251,0,0.36,205,139,-1,12
Mohammed Nahiri,28,688086000,Botola Pro,2019/2020,Defender,Wydad Casablanca,357,254,103,Morocco,5,3,1,1,0,1,0,0,0,0,0,1,0,1,2,2,0,0,0,0.25,0,0.25,0,0.87,357,0.5,179,71,0,0,0,38,120,12,14
Mohammed Naim,20,951955200,Botola Pro,2019/2020,Midfielder,Raja Casablanca,78,0,78,Morocco,1,0,1,0,0,0,0,0,0,0,0,0,0,0,1,0,1,0,0,0,0,0,0,0,0,1.15,78,78,0,0,0,-1,-1,-1,13
Mohammed Saidani,0,0,Botola Pro,2019/2020,Forward,Wydad Casablanca,152,13,139,Morocco,6,0,1,0,0,0,0,0,0,0,0,2,1,1,2,0,2,1,0,0,0,0,0,0,0,1.18,76,25,152,0,0.59,-1,-1,-1,22
Mohsine El Achir,30,636422400,Botola Pro,2019/2020,Defender,Moghreb Tétouan,960,540,420,Morocco,11,6,5,1,0,1,0,0,0,1,0,6,5,1,8,2,6,1,0,0.09,0,0.09,0,0.21,960,0.75,120,87,960,0,0.09,99,146,49,5
Mohsine Moutouali,34,510192000,Botola Pro,2019/2020,Midfielder,Raja Casablanca,1072,408,664,Morocco,14,4,8,2,1,1,0,0,0,1,0,8,4,4,7,1,6,1,0,0.17,0,0.17,0.22,0.14,536,0.59,153,77,1072,0,0.08,65,145,-1,6
Mokhtar Majid,32,568080000,Botola Pro,2019/2020,Goalkeeper,Olympic Safi,900,450,450,Morocco,10,5,5,0,0,0,0,0,0,0,0,2,2,0,10,4,6,1,1,0,0,0,0,0,0,1,90,90,450,0,0.2,316,1,76,10
Moncef Nahdi,22,885513600,Botola Pro,2019/2020,Forward,Rapide Oued Zem,0,0,0,Morocco,0,0,0,0,0,0,0,0,0,0,0,0,0,0,0,0,0,0,0,0,0,0,0,0,0,0,0,0,0,0,0,-1,-1,-1,-1
Mouad Mouchtanim,0,0,Botola Pro,2019/2020,Midfielder,Raja Casablanca,0,0,0,Morocco,0,0,0,0,0,0,0,0,0,0,0,0,0,0,0,0,0,0,0,0,0,0,0,0,0,0,0,0,0,0,0,-1,-1,-1,-1
Mouhamed Ouattara,27,731462400,Botola Pro,2019/2020,Defender,Olympic Safi,1520,800,720,Burkina Faso,17,9,8,1,0,1,0,0,0,0,0,7,5,2,15,7,8,3,0,0.06,0,0.06,0,0.13,1520,0.89,101,89,507,0,0.18,119,159,65,8
Mouhcine Mouhtadi,24,824515200,Botola Pro,2019/2020,Midfielder,Rapide Oued Zem,7,7,0,Morocco,1,0,0,0,0,0,0,0,0,0,0,0,0,0,0,0,0,0,0,0,0,0,0,0,0,0,0,7,0,0,0,-1,-1,-1,15
Mouhcine Naciri,29,664848000,Botola Pro,2019/2020,Forward,Youssoufia Berrechid,777,396,381,Morocco,12,5,5,1,0,1,0,0,0,0,0,1,1,0,14,10,4,2,0,0.12,0,0.12,0,0.24,777,1.62,56,65,389,0,0.23,88,281,-1,5
Mouhcine Rabja,30,636076800,Botola Pro,2019/2020,Defender,CR Khemis Zemamra,137,91,46,Morocco,4,1,0,0,0,0,0,0,0,0,0,0,0,0,2,2,0,0,0,0,0,0,0,0,0,1.31,69,34,0,0,0,-1,-1,-1,22
Mouhssine Iajour,35,487551600,Botola Pro,2019/2020,Forward,RSB Berkane,313,130,183,Morocco,6,1,1,1,1,0,0,0,0,0,0,3,0,3,6,2,4,0,0,0.29,0,0.29,0.69,0,313,1.73,52,52,0,0,0,31,113,-1,6
Mountassir Lahtimi,0,0,Botola Pro,2019/2020,Midfielder,FUS Rabat,54,54,0,Morocco,2,1,0,0,0,0,0,0,0,0,0,2,1,1,0,0,0,0,0,0,0,0,0,0,0,0,0,27,0,0,0,-1,-1,-1,11
Mourad Haibour,32,567993600,Botola Pro,2019/2020,Defender,Rapide Oued Zem,1710,900,810,Morocco,19,10,9,0,0,0,0,0,0,0,0,8,4,4,13,6,7,0,0,0,0,0,0,0,0,0.68,132,90,0,0,0,230,277,37,24
Mourad Izzem,0,0,Botola Pro,2019/2020,Goalkeeper,Moghreb Tétouan,270,90,180,Morocco,3,1,2,0,0,0,0,0,0,0,0,1,1,0,2,0,2,0,0,0,0,0,0,0,0,0.67,135,90,0,0,0,-1,-1,-1,22
Mourad Kaaouach,27,723772800,Botola Pro,2019/2020,Defender,Youssoufia Berrechid,871,494,377,Morocco,12,5,4,0,0,0,0,0,0,0,0,0,0,0,18,11,7,1,0,0,0,0,0,0,0,1.86,48,73,871,0,0.1,235,290,129,26
Muhammed Badamosi,21,914716800,Botola Pro,2019/2020,Forward,FUS Rabat,1008,360,648,Gambia,18,3,6,4,2,2,0,0,0,0,0,7,3,4,8,5,3,3,0,0.36,0,0.36,0.5,0.28,252,0.71,126,56,336,0,0.27,21,187,-1,2
Mukoko Batezadio,27,719881200,Botola Pro,2019/2020,Forward,Ittihad Tanger,775,344,431,Congo DR,14,4,5,0,0,0,0,0,0,0,0,5,4,1,13,3,10,3,0,0,0,0,0,0,0,1.51,60,55,258,0,0.35,260,278,-1,24
Mustapha Camara,20,946684800,Botola Pro,2019/2020,Defender,Ittihad Tanger,163,0,163,Côte d'Ivoire,2,0,2,0,0,0,0,0,0,0,0,0,0,0,5,0,5,0,0,0,0,0,0,0,0,2.76,33,82,0,0,0,-1,-1,-1,28
Mustapha Chichane,0,0,Botola Pro,2019/2020,Defender,Difaâ El Jadida,639,452,187,Morocco,9,5,2,0,0,0,0,0,0,0,0,2,2,0,5,2,3,1,0,0,0,0,0,0,0,0.7,128,71,639,0,0.14,158,87,40,12
Mustapha El Ayadi,27,730771200,Botola Pro,2019/2020,Goalkeeper,Rapide Oued Zem,0,0,0,Morocco,0,0,0,0,0,0,0,0,0,0,0,0,0,0,0,0,0,0,0,0,0,0,0,0,0,0,0,0,0,0,0,-1,-1,-1,-1
Mustapha El Yousfi,28,684370800,Botola Pro,2019/2020,Midfielder,Moghreb Tétouan,810,472,338,Morocco,13,6,4,2,2,0,0,0,0,0,0,7,5,2,7,2,5,1,0,0.22,0,0.22,0.38,0,405,0.78,116,62,810,0,0.11,47,150,-1,3
N'Tji Amadou Samake,25,806194800,Botola Pro,2019/2020,Midfielder,Olympic Safi,126,65,61,Mali,6,0,0,1,1,0,0,0,0,1,0,4,3,1,1,1,0,0,0,0.71,0,0.71,1.38,0,126,0.71,126,21,0,0,0,-1,-1,-1,7
Nabil Jaadi,24,836175600,Botola Pro,2019/2020,Forward,Mouloudia Oujda,591,296,295,Morocco,12,4,2,4,3,1,0,0,0,1,0,1,1,0,7,4,3,1,0,0.61,0,0.61,0.91,0.31,148,1.07,84,49,591,0,0.15,4,21,-1,3
Najib El Mouatani,26,776732400,Botola Pro,2019/2020,Defender,Khouribga,1231,624,607,Morocco,15,7,6,2,1,1,0,0,0,0,0,4,3,1,14,5,9,5,1,0.15,0,0.15,0.14,0.15,616,1.02,88,82,205,0,0.44,77,148,81,2
Najib Koumya,26,764809200,Botola Pro,2019/2020,Defender,Khouribga,686,230,456,Morocco,10,2,5,0,0,0,0,0,0,0,0,2,0,2,13,7,6,1,0,0,0,0,0,0,0,1.71,53,69,686,0,0.13,186,200,126,32
Naoufel Zerhouni,24,811033200,Botola Pro,2019/2020,Midfielder,FUS Rabat,938,510,428,Morocco,13,6,4,2,1,1,0,0,0,0,0,3,2,1,9,7,2,3,0,0.19,0,0.19,0.18,0.21,469,0.86,104,72,313,0,0.29,55,191,-1,5
Nassereddine Taraina,29,654735600,Botola Pro,2019/2020,Midfielder,Mouloudia Oujda,25,0,25,Morocco,1,0,0,0,0,0,0,0,0,0,0,0,0,0,1,0,1,0,0,0,0,0,0,0,0,3.6,25,25,0,0,0,-1,-1,-1,14
Nelson Omba Munganga,33,554338800,Botola Pro,2019/2020,Defender,Mouloudia Oujda,1620,630,990,Congo DR,18,7,11,0,0,0,0,0,0,0,0,6,3,3,12,4,8,3,0,0,0,0,0,0,0,0.67,135,90,540,0,0.17,295,243,32,22
Nelson Senkatuka,22,873846000,Botola Pro,2019/2020,Forward,Moghreb Tétouan,164,61,103,Uganda,6,1,1,0,0,0,0,0,0,0,0,3,2,1,2,0,2,0,0,0,0,0,0,0,0,1.1,82,27,0,0,0,-1,-1,-1,17
Nickson Clement Kibabage,0,0,Botola Pro,2019/2020,Defender,Difaâ El Jadida,0,0,0,Tanzania,0,0,0,0,0,0,0,0,0,0,0,0,0,0,0,0,0,0,0,0,0,0,0,0,0,0,0,0,0,0,0,-1,-1,-1,-1
Nilmar Treika Mondesir Blé,28,699062400,Botola Pro,2019/2020,Midfielder,Rapide Oued Zem,1349,563,786,Côte d'Ivoire,16,6,9,1,1,0,0,0,0,0,0,6,2,4,12,5,7,2,0,0.07,0,0.07,0.16,0,1349,0.8,112,84,675,0,0.13,112,276,-1,6
Noah Wail Sadaoui,27,716425200,Botola Pro,2019/2020,Forward,Mouloudia Oujda,981,461,520,USA,17,5,6,8,4,4,0,0,0,2,0,6,3,3,7,3,4,4,0,0.73,0,0.73,0.78,0.69,123,0.64,140,58,245,0,0.37,1,257,-1,1
Nouaman Aarab,29,651625200,Botola Pro,2019/2020,Midfielder,Ittihad Tanger,967,517,450,Morocco,12,6,5,2,2,0,0,0,0,0,0,4,4,0,9,1,8,2,0,0.19,0,0.19,0.35,0,484,0.84,107,81,484,0,0.19,54,180,-1,2
Noureddine Belgmiri,40,326761200,Botola Pro,2019/2020,Goalkeeper,Raja Beni Mellal,360,90,270,Morocco,4,1,3,0,0,0,0,0,0,0,0,0,0,0,7,2,5,0,0,0,0,0,0,0,0,1.75,51,90,0,0,0,145,32,127,19
Noureddine Moutataouia,0,0,Botola Pro,2019/2020,Midfielder,CR Khemis Zemamra,697,343,354,Morocco,13,3,4,0,0,0,0,0,0,0,0,1,1,0,9,3,6,5,1,0,0,0,0,0,0,1.16,77,54,139,0,0.65,223,307,-1,26
Noussair El Maimouni,29,667008000,Botola Pro,2019/2020,Midfielder,Mouloudia Oujda,29,0,29,Morocco,1,0,0,0,0,0,0,0,0,0,0,0,0,0,1,0,1,1,0,0,0,0,0,0,0,3.1,29,29,29,0,3.1,-1,-1,-1,10
Omar Arjoune,24,823132800,Botola Pro,2019/2020,Midfielder,Raja Casablanca,1123,414,709,Morocco,16,4,9,0,0,0,0,0,0,0,0,10,4,6,6,2,4,1,0,0,0,0,0,0,0,0.48,187,70,1123,0,0.08,126,134,-1,21
Omar Boutayeb,26,766710000,Botola Pro,2019/2020,Defender,Raja Casablanca,650,200,450,Morocco,8,2,5,0,0,0,0,0,0,0,0,7,2,5,1,1,0,2,1,0,0,0,0,0,0,0.14,650,81,325,0,0.28,133,23,3,26
Omar Jerrari,25,784771200,Botola Pro,2019/2020,Defender,FAR Rabat,1513,851,662,Morocco,18,10,8,0,0,0,0,0,0,0,0,5,4,1,14,6,8,4,1,0,0,0,0,0,0,0.83,108,84,378,0,0.24,240,171,57,23
Omar Nemssaoui,30,644454000,Botola Pro,2019/2020,Defender,RSB Berkane,1597,877,720,Morocco,18,10,8,3,2,1,0,0,0,0,0,9,3,6,12,7,5,2,0,0.17,0,0.17,0.21,0.13,532,0.68,133,89,799,0,0.11,64,16,35,2
Omar Sarbout,31,607561200,Botola Pro,2019/2020,Defender,Raja Beni Mellal,46,46,0,Morocco,1,1,0,0,0,0,0,0,0,0,0,0,0,0,1,1,0,0,0,0,0,0,0,0,0,1.96,46,46,0,0,0,-1,-1,-1,20
Omar Tahloucht,30,632448000,Botola Pro,2019/2020,Defender,Rapide Oued Zem,1414,630,784,Morocco,16,7,9,0,0,0,0,0,0,0,0,7,3,4,10,3,7,5,1,0,0,0,0,0,0,0.64,141,88,283,0,0.32,281,39,30,13
Orji okagbue,28,697593600,Botola Pro,2019/2020,Midfielder,Mouloudia Oujda,258,90,168,Nigeria,3,1,2,0,0,0,0,0,0,0,0,2,0,2,1,1,0,0,0,0,0,0,0,0,0,0.35,258,86,0,0,0,-1,-1,-1,15
Oussama El Ghrib,33,537667200,Botola Pro,2019/2020,Defender,Khouribga,400,138,262,Morocco,6,1,3,0,0,0,0,0,0,0,0,2,2,0,4,0,4,2,0,0,0,0,0,0,0,0.9,100,67,200,0,0.45,179,102,67,15
Oussama Gareh,21,921628800,Botola Pro,2019/2020,Midfielder,FUS Rabat,0,0,0,Morocco,0,0,0,0,0,0,0,0,0,0,0,0,0,0,0,0,0,0,0,0,0,0,0,0,0,0,0,0,0,0,0,-1,-1,-1,-1
Oussama Hafari,0,0,Botola Pro,2019/2020,Forward,Youssoufia Berrechid,546,212,334,Morocco,13,2,4,2,1,1,0,0,0,0,0,1,0,1,8,5,3,1,0,0.33,0,0.33,0.42,0.27,273,1.32,68,42,546,0,0.16,26,140,-1,3
Oussama Halfi,28,697507200,Botola Pro,2019/2020,Forward,Moghreb Tétouan,115,42,73,Morocco,9,0,0,0,0,0,0,0,0,0,0,3,2,1,2,0,2,0,0,0,0,0,0,0,0,1.57,58,13,0,0,0,-1,-1,-1,24
Oussama Mezgouri,32,576802800,Botola Pro,2019/2020,Midfielder,Khouribga,593,321,272,Morocco,10,3,3,0,0,0,0,0,0,0,0,2,2,0,10,4,6,0,0,0,0,0,0,0,0,1.52,59,59,0,0,0,147,217,-1,29
Oussama Soukhal,0,0,Botola Pro,2019/2020,Defender,Raja Casablanca,360,90,270,Morocco,4,1,3,0,0,0,0,0,0,0,0,0,0,0,5,1,4,1,0,0,0,0,0,0,0,1.25,72,90,360,0,0.25,171,111,100,11
Ousseynou Boye,27,715820400,Botola Pro,2019/2020,Forward,Khouribga,292,97,195,Senegal,6,1,1,0,0,0,0,0,0,0,0,1,1,0,6,1,5,0,0,0,0,0,0,0,0,1.85,49,49,0,0,0,175,106,-1,9
Patrick Kaddu,24,810687600,Botola Pro,2019/2020,Forward,RSB Berkane,283,119,164,Uganda,5,2,2,0,0,0,0,0,0,0,0,3,1,2,2,1,1,1,0,0,0,0,0,0,0,0.64,142,57,283,0,0.32,199,8,-1,18
Rachid Abouzhar,29,671065200,Botola Pro,2019/2020,Midfielder,Rapide Oued Zem,1321,709,612,Morocco,17,8,6,0,0,0,0,0,0,0,0,8,4,4,10,5,5,6,0,0,0,0,0,0,0,0.68,132,78,220,0,0.41,233,252,-1,21
Rachid Ait Hammou,31,618706800,Botola Pro,2019/2020,Forward,Raja Beni Mellal,404,207,197,Morocco,13,1,1,1,1,0,0,0,0,0,0,4,3,1,4,3,1,0,0,0.22,0,0.22,0.43,0,404,0.89,101,31,0,0,0,46,29,-1,5
Reda Bounaga,31,599616000,Botola Pro,2019/2020,Goalkeeper,Moghreb Tétouan,1440,720,720,Morocco,16,8,8,0,0,0,0,0,0,0,0,8,6,2,12,3,9,3,0,0,0,0,0,0,0,0.75,120,90,480,0,0.19,297,219,47,11
Reda Hajhouj,26,773103600,Botola Pro,2019/2020,Forward,Khouribga,1515,835,680,Morocco,18,10,8,9,5,4,0,0,0,5,0,6,4,2,19,10,9,0,0,0.53,0,0.53,0.54,0.53,168,1.13,80,84,0,0,0,7,234,-1,1
Rédà Jaadi,25,792720000,Botola Pro,2019/2020,Midfielder,FUS Rabat,1444,678,766,Belgium,17,8,9,0,0,0,0,0,0,0,0,6,2,4,13,9,4,6,1,0,0,0,0,0,0,0.81,111,85,241,0,0.37,248,193,-1,21
Reda Lakhmidi,0,0,Botola Pro,2019/2020,Midfielder,Difaâ El Jadida,0,0,0,Morocco,0,0,0,0,0,0,0,0,0,0,0,0,0,0,0,0,0,0,0,0,0,0,0,0,0,0,0,0,0,0,0,-1,-1,-1,-1
Reda Mhannaoui,0,0,Botola Pro,2019/2020,Midfielder,Ittihad Tanger,248,90,158,Morocco,3,1,2,0,0,0,0,0,0,0,0,1,0,1,6,4,2,2,0,0,0,0,0,0,0,2.18,41,83,124,0,0.73,-1,-1,-1,9
Reda Slim,0,0,Botola Pro,2019/2020,Forward,FAR Rabat,372,192,180,Morocco,6,2,2,0,0,0,0,0,0,0,0,1,1,0,4,1,3,3,0,0,0,0,0,0,0,0.97,93,62,124,0,0.73,242,161,-1,18
Reda Zahraoui,28,686790000,Botola Pro,2019/2020,Midfielder,Olympic Safi,829,450,379,Morocco,17,7,5,0,0,0,0,0,0,0,0,7,5,2,8,5,3,0,0,0,0,0,0,0,0,0.87,104,49,0,0,0,201,199,-1,15
Rédah Atassi,29,669081600,Botola Pro,2019/2020,Defender,Hassania Agadir,563,374,189,Morocco,8,4,2,0,0,0,0,0,0,0,0,1,1,0,8,5,3,1,0,0,0,0,0,0,0,1.28,70,70,563,0,0.16,176,105,103,11
Redouane El Mrabet,35,484873200,Botola Pro,2019/2020,Defender,Ittihad Tanger,318,167,151,Morocco,5,1,2,0,0,0,0,0,0,0,0,3,3,0,5,0,5,1,0,0,0,0,0,0,0,1.42,64,64,318,0,0.28,250,293,113,20
Redouane Touami,0,0,Botola Pro,2019/2020,Forward,Khouribga,0,0,0,Morocco,0,0,0,0,0,0,0,0,0,0,0,0,0,0,0,0,0,0,0,0,0,0,0,0,0,0,0,0,0,0,0,-1,-1,-1,-1
Redouane Zerzouri,31,609634800,Botola Pro,2019/2020,Midfielder,Raja Beni Mellal,74,74,0,France,2,1,0,0,0,0,0,0,0,0,0,1,1,0,1,1,0,0,0,0,0,0,0,0,0,1.22,74,37,0,0,0,-1,-1,-1,14
Riad Idbouiguiguine,24,826588800,Botola Pro,2019/2020,Midfielder,Raja Casablanca,0,0,0,Morocco,0,0,0,0,0,0,0,0,0,0,0,0,0,0,0,0,0,0,0,0,0,0,0,0,0,0,0,0,0,0,0,-1,-1,-1,-1
Ricky Tulengi Sindani,27,728611200,Botola Pro,2019/2020,Midfielder,Difaâ El Jadida,50,50,0,Congo DR,2,1,0,0,0,0,0,0,0,0,0,1,1,0,1,1,0,0,0,0,0,0,0,0,0,1.8,50,25,0,0,0,-1,-1,-1,15
Robert Brito Luciano,32,558054000,Botola Pro,2019/2020,Forward,CR Khemis Zemamra,6,0,6,Brazil,1,0,0,0,0,0,0,0,0,0,0,0,0,0,0,0,0,0,0,0,0,0,0,0,0,0,0,6,0,0,0,-1,-1,-1,23
Saad Ait Khorsa,26,757555200,Botola Pro,2019/2020,Defender,FUS Rabat,1510,717,793,Morocco,17,8,9,3,2,1,0,0,0,0,0,5,2,3,13,9,4,8,1,0.18,0,0.18,0.25,0.11,503,0.77,116,89,189,0,0.48,56,272,52,4
Saad Lagrou,28,695260800,Botola Pro,2019/2020,Defender,Khouribga,1087,470,617,Morocco,13,6,6,0,0,0,0,0,0,0,0,4,2,2,15,7,8,2,0,0,0,0,0,0,0,1.24,72,84,544,0,0.17,128,216,96,31
Saad Lamti,30,637545600,Botola Pro,2019/2020,Midfielder,CR Khemis Zemamra,1131,486,645,Morocco,17,6,7,1,0,1,0,0,0,0,0,2,2,0,17,6,11,2,0,0.08,0,0.08,0,0.14,1131,1.35,67,67,566,0,0.16,106,309,-1,10
Saad Morsli,22,890006400,Botola Pro,2019/2020,Midfielder,Hassania Agadir,609,239,370,Morocco,11,2,4,0,0,0,0,0,0,0,0,1,1,0,10,4,6,1,0,0,0,0,0,0,0,1.48,61,55,609,0,0.15,182,93,-1,13
Saber El Ghanjaoui,27,715820400,Botola Pro,2019/2020,Midfielder,Mouloudia Oujda,1073,365,708,Morocco,13,5,8,1,0,1,0,0,0,0,0,4,1,3,8,3,5,2,0,0.08,0,0.08,0,0.13,1073,0.67,134,83,537,0,0.17,105,242,-1,8
Said Grada,33,553561200,Botola Pro,2019/2020,Midfielder,Youssoufia Berrechid,1014,477,537,Morocco,14,5,7,1,0,1,0,0,0,1,0,4,3,1,8,2,6,2,1,0.09,0,0.09,0,0.17,1014,0.71,127,72,338,0,0.27,101,310,-1,6
Saifeddine Bouhra,20,952214400,Botola Pro,2019/2020,Midfielder,Rapide Oued Zem,962,482,480,Morocco,17,5,6,3,0,3,0,0,0,0,0,8,4,4,5,2,3,0,0,0.28,0,0.28,0,0.56,321,0.47,192,57,0,0,0,33,251,-1,2
Saifeddine Kahlaoui,0,0,Botola Pro,2019/2020,Midfielder,Olympic Safi,532,236,296,Morocco,9,3,3,0,0,0,0,0,0,0,0,3,2,1,8,4,4,1,0,0,0,0,0,0,0,1.35,67,59,532,0,0.17,193,203,-1,11
Salah Damine,25,796604400,Botola Pro,2019/2020,Midfielder,Khouribga,7,7,0,Morocco,1,0,0,0,0,0,0,0,0,0,0,1,1,0,0,0,0,0,0,0,0,0,0,0,0,0,0,7,0,0,0,-1,-1,-1,11
Salah Eddine Benabid,26,757382400,Botola Pro,2019/2020,Midfielder,FAR Rabat,213,93,120,Morocco,7,1,1,0,0,0,0,0,0,0,0,2,1,1,2,1,1,0,0,0,0,0,0,0,0,0.85,107,30,0,0,0,-1,-1,-1,13
Salah Eddine Saidi,33,539568000,Botola Pro,2019/2020,Midfielder,Wydad Casablanca,270,180,90,Morocco,3,2,1,0,0,0,0,0,0,0,0,0,0,0,4,2,2,0,0,0,0,0,0,0,0,1.33,68,90,0,0,0,-1,-1,-1,19
Salah-eddine Benyachou,0,0,Botola Pro,2019/2020,Midfielder,Olympic Safi,23,0,23,Morocco,1,0,0,0,0,0,0,0,0,0,0,0,0,0,0,0,0,0,0,0,0,0,0,0,0,0,0,23,0,0,0,-1,-1,-1,22
Salahdin Bahi,26,757382400,Botola Pro,2019/2020,Midfielder,FAR Rabat,70,0,70,Morocco,2,0,1,0,0,0,0,0,0,0,0,0,0,0,2,0,2,1,0,0,0,0,0,0,0,2.57,35,35,70,0,1.29,-1,-1,-1,20
Salaheddine El Hamani,23,867538800,Botola Pro,2019/2020,Forward,Moghreb Tétouan,2,0,2,Morocco,1,0,0,0,0,0,0,0,0,0,0,0,0,0,0,0,0,0,0,0,0,0,0,0,0,0,0,2,0,0,0,-1,-1,-1,18
Salaheddine Lebrazi,0,0,Botola Pro,2019/2020,Goalkeeper,Raja Beni Mellal,0,0,0,Morocco,0,0,0,0,0,0,0,0,0,0,0,0,0,0,0,0,0,0,0,0,0,0,0,0,0,0,0,0,0,0,0,-1,-1,-1,-1
Saleh Al Taher,28,694224000,Botola Pro,2019/2020,Forward,Ittihad Tanger,207,189,18,Libya,5,2,0,0,0,0,0,0,0,0,0,3,3,0,0,0,0,0,0,0,0,0,0,0,0,0,0,41,0,0,0,-1,-1,-1,22
Salif Ibrahim Coulibaly,24,819849600,Botola Pro,2019/2020,Defender,Rapide Oued Zem,450,270,180,Mali,5,3,2,0,0,0,0,0,0,0,0,1,1,0,5,1,4,0,0,0,0,0,0,0,0,1,90,90,0,0,0,231,258,77,23
Salim Ndao,29,667008000,Botola Pro,2019/2020,Midfielder,Mouloudia Oujda,365,158,207,Morocco,9,2,4,0,0,0,0,0,0,0,0,2,1,1,4,1,3,0,0,0,0,0,0,0,0,0.99,91,41,0,0,0,296,241,-1,21
Salman Ouald El Haj,31,591404400,Botola Pro,2019/2020,Forward,Rapide Oued Zem,463,231,232,Morocco,8,3,2,0,0,0,0,0,0,0,0,3,1,2,4,3,1,3,0,0,0,0,0,0,0,0.78,116,58,154,0,0.58,156,115,-1,9
Samir Ouidare,29,654649200,Botola Pro,2019/2020,Midfielder,RSB Berkane,248,68,180,Morocco,6,1,2,0,0,0,0,0,0,0,0,2,1,1,5,1,4,2,0,0,0,0,0,0,0,1.81,50,41,124,0,0.73,-1,-1,-1,10
Sanad Al-Warfali,28,698284800,Botola Pro,2019/2020,Midfielder,Raja Casablanca,1117,542,575,Libya,15,6,7,0,0,0,0,0,0,0,0,9,4,5,7,4,3,0,0,0,0,0,0,0,0,0.56,160,74,0,0,0,152,25,-1,28
Sanga Topio Coulibaly,32,587775600,Botola Pro,2019/2020,Midfielder,Youssoufia Berrechid,33,0,33,Côte d'Ivoire,3,0,0,0,0,0,0,0,0,0,0,0,0,0,2,0,2,0,0,0,0,0,0,0,0,5.45,17,11,0,0,0,-1,-1,-1,19
Sansan Hassamy Dah,26,757987200,Botola Pro,2019/2020,Forward,Khouribga,327,124,203,Burkina Faso,7,2,2,0,0,0,0,0,0,0,0,2,1,1,3,2,1,0,0,0,0,0,0,0,0,0.83,109,47,0,0,0,136,233,-1,28
Sékou Ahmed Camara,22,874969200,Botola Pro,2019/2020,Forward,Difaâ El Jadida,326,205,121,Guinea,7,2,1,1,1,0,0,0,0,0,0,2,2,0,1,0,1,2,1,0.28,0,0.28,0.44,0,326,0.28,326,47,109,0,0.83,32,66,-1,10
Sibiri Alain Traoré,31,599529600,Botola Pro,2019/2020,Midfielder,RSB Berkane,492,338,154,Burkina Faso,10,5,2,1,1,0,0,0,0,0,0,4,1,3,7,4,3,0,0,0.18,0,0.18,0.27,0,492,1.28,70,49,0,0,0,57,5,-1,9
Sidi Mohamed Keita,29,658972800,Botola Pro,2019/2020,Forward,Raja Beni Mellal,99,90,9,Mali,4,1,0,0,0,0,0,0,0,0,0,1,1,0,2,2,0,0,0,0,0,0,0,0,0,1.82,50,25,0,0,0,-1,-1,-1,23
Simon Happygod Msuva,26,749516400,Botola Pro,2019/2020,Forward,Difaâ El Jadida,1421,884,537,Tanzania,16,10,6,1,1,0,0,0,0,0,0,6,5,1,10,4,6,2,0,0.06,0,0.06,0.1,0,1421,0.63,142,89,711,0,0.13,118,71,-1,6
Sofian El Moudane,26,763776000,Botola Pro,2019/2020,Midfielder,Ittihad Tanger,698,270,428,France,8,3,5,1,1,0,0,0,0,0,0,2,1,1,13,6,7,2,1,0.13,0,0.13,0.33,0,698,1.68,54,87,349,0,0.26,84,98,-1,3
Soufian Echcharaf,26,769302000,Botola Pro,2019/2020,Midfielder,Ittihad Tanger,791,437,354,Netherlands,11,5,5,0,0,0,0,0,0,0,0,3,3,0,13,2,11,0,0,0,0,0,0,0,0,1.48,61,72,0,0,0,236,292,-1,17
Soufiane Barrouhou,26,758851200,Botola Pro,2019/2020,Goalkeeper,Difaâ El Jadida,180,90,90,Morocco,2,1,1,0,0,0,0,0,0,0,0,0,0,0,2,1,1,0,0,0,0,0,0,0,0,1,90,90,0,0,0,-1,-1,-1,14
Soufiane Bouftini,26,767919600,Botola Pro,2019/2020,Defender,Hassania Agadir,1080,540,540,Morocco,12,6,6,2,0,2,0,0,0,1,0,1,1,0,14,5,9,3,0,0.17,0,0.17,0,0.33,540,1.17,77,90,360,0,0.25,61,117,86,4
Soufiane Hariss,27,716252400,Botola Pro,2019/2020,Midfielder,Youssoufia Berrechid,254,180,74,Morocco,4,1,1,0,0,0,0,0,0,0,0,1,1,0,2,1,1,0,0,0,0,0,0,0,0,0.71,127,64,0,0,0,-1,-1,-1,15
Soufiane Karkache,21,930870000,Botola Pro,2019/2020,Defender,Wydad Casablanca,169,152,17,Belgium,4,2,0,0,0,0,0,0,0,0,0,1,0,1,2,2,0,0,0,0,0,0,0,0,0,1.07,85,42,0,0,0,-1,-1,-1,25
Soufiane Rahimi,24,833670000,Botola Pro,2019/2020,Forward,Raja Casablanca,1274,505,769,Morocco,17,7,8,5,2,3,0,0,0,0,0,10,4,6,7,1,6,3,0,0.35,0,0.35,0.36,0.35,255,0.49,182,75,425,0,0.21,22,136,-1,2
Soufiane Saadane,26,764035200,Botola Pro,2019/2020,Midfielder,FUS Rabat,404,115,289,Morocco,10,1,3,0,0,0,0,0,0,0,0,4,1,3,2,1,1,0,0,0,0,0,0,0,0,0.45,202,40,0,0,0,254,184,-1,17
Soufiane Talal,29,675212400,Botola Pro,2019/2020,Midfielder,Raja Beni Mellal,200,110,90,Morocco,3,1,1,0,0,0,0,0,0,0,0,2,1,1,1,1,0,3,1,0,0,0,0,0,0,0.45,200,67,67,0,1.35,-1,-1,-1,11
Souhail Yechou,27,720144000,Botola Pro,2019/2020,Defender,RSB Berkane,194,72,122,Morocco,6,1,1,0,0,0,0,0,0,0,0,2,1,1,5,1,4,3,0,0,0,0,0,0,0,2.32,39,32,65,0,1.39,-1,-1,-1,14
Soulaimane El Amrani,23,852076800,Botola Pro,2019/2020,Midfielder,Difaâ El Jadida,633,287,346,Morocco,9,3,3,0,0,0,0,0,0,0,0,5,4,1,5,0,5,0,0,0,0,0,0,0,0,0.71,127,70,0,0,0,276,67,-1,17
Taha Mourid,18,1015200000,Botola Pro,2019/2020,Goalkeeper,Wydad Casablanca,0,0,0,Morocco,0,0,0,0,0,0,0,0,0,0,0,0,0,0,0,0,0,0,0,0,0,0,0,0,0,0,0,0,0,0,0,-1,-1,-1,-1
Tamer Seyam,27,722649600,Botola Pro,2019/2020,Midfielder,Hassania Agadir,361,170,191,Palestine,7,1,2,1,1,0,0,0,0,0,0,1,1,0,4,1,3,0,0,0.25,0,0.25,0.53,0,361,1,90,52,0,0,0,41,50,-1,6
Taoufik Ijrouten,30,639961200,Botola Pro,2019/2020,Forward,Ittihad Tanger,551,182,369,Morocco,10,2,5,0,0,0,0,0,0,0,0,2,1,1,10,4,6,0,0,0,0,0,0,0,0,1.63,55,55,0,0,0,209,7,-1,16
Taoufik Safsafi,28,694569600,Botola Pro,2019/2020,Midfielder,Moghreb Tétouan,743,432,311,Morocco,10,5,4,0,0,0,0,0,0,0,0,5,4,1,5,2,3,4,0,0,0,0,0,0,0,0.61,149,74,186,0,0.48,243,176,-1,20
Taoufiq Idsghir,0,0,Botola Pro,2019/2020,Forward,Hassania Agadir,4,4,0,Morocco,2,0,0,0,0,0,0,0,0,0,0,1,1,0,0,0,0,0,0,0,0,0,0,0,0,0,0,2,0,0,0,-1,-1,-1,26
Tarik Aouattah,27,715820400,Botola Pro,2019/2020,Goalkeeper,Ittihad Tanger,0,0,0,Morocco,0,0,0,0,0,0,0,0,0,0,0,0,0,0,0,0,0,0,0,0,0,0,0,0,0,0,0,0,0,0,0,-1,-1,-1,-1
Tarik Asstati,30,647823600,Botola Pro,2019/2020,Defender,Ittihad Tanger,594,234,360,Morocco,8,3,4,0,0,0,0,0,0,0,0,1,1,0,10,3,7,3,0,0,0,0,0,0,0,1.52,59,74,198,0,0.45,161,84,119,10
Tarik Astati,29,678236400,Botola Pro,2019/2020,Midfielder,Ittihad Tanger,540,360,180,Morocco,6,4,2,1,1,0,0,0,0,1,0,3,3,0,6,1,5,1,0,0.17,0,0.17,0.25,0,540,1,90,90,540,0,0.17,67,236,-1,4
Tony Edjomariegwe,0,0,Botola Pro,2019/2020,Midfielder,Moghreb Tétouan,1331,655,676,Nigeria,16,8,8,1,0,1,0,0,0,0,0,9,7,2,8,1,7,3,0,0.07,0,0.07,0,0.13,1331,0.54,166,83,444,0,0.2,109,220,-1,8
Unknown Player,34,495068400,Botola Pro,2019/2020,Midfielder,RSB Berkane,6188,3158,3030,International,71,36,35,0,0,0,0,0,0,0,0,18,11,7,39,0,39,153,9,0,0,0,0,0,0,0.57,159,87,38,0,2.36,139,30,-1,13
Walid El Karti,26,774918000,Botola Pro,2019/2020,Midfielder,Wydad Casablanca,979,484,495,Morocco,14,5,5,0,0,0,0,0,0,0,0,3,1,2,10,4,6,1,0,0,0,0,0,0,0,0.92,98,70,979,0,0.09,189,124,-1,28
Walid Sabbar,24,825206400,Botola Pro,2019/2020,Midfielder,Olympic Safi,1520,841,679,Morocco,18,10,8,2,1,1,0,0,0,0,0,8,6,2,13,6,7,6,1,0.12,0,0.12,0.11,0.13,760,0.77,117,84,217,0,0.41,87,212,-1,3
Wissam El Baraka,35,475459200,Botola Pro,2019/2020,Forward,Youssoufia Berrechid,10,0,10,Morocco,1,0,0,0,0,0,0,0,0,0,0,0,0,0,1,0,1,0,0,0,0,0,0,0,0,9,10,10,0,0,0,-1,-1,-1,20
Yahia Attiyat allah,25,794102400,Botola Pro,2019/2020,Forward,Wydad Casablanca,407,224,183,Morocco,6,2,2,0,0,0,0,0,0,0,0,0,0,0,6,2,4,0,0,0,0,0,0,0,0,1.33,68,68,0,0,0,177,104,-1,16
Yahia El Filali,30,626918400,Botola Pro,2019/2020,Goalkeeper,Difaâ El Jadida,90,0,90,Morocco,1,0,1,0,0,0,0,0,0,0,0,0,0,0,1,0,1,0,0,0,0,0,0,0,0,1,90,90,0,0,0,-1,-1,-1,16
Yahya Jabrane,29,677199600,Botola Pro,2019/2020,Midfielder,Wydad Casablanca,669,368,301,Morocco,9,4,4,2,0,2,0,0,0,2,0,1,0,1,8,4,4,6,2,0.27,0,0.27,0,0.6,335,1.08,84,74,112,0,0.81,35,121,-1,7
Yasser Jarici,31,609462000,Botola Pro,2019/2020,Defender,FUS Rabat,906,415,491,Morocco,13,4,6,0,0,0,0,0,0,0,0,5,3,2,5,2,3,3,0,0,0,0,0,0,0,0.5,181,70,302,0,0.3,245,177,9,24
Yassine Amrioui,25,793324800,Botola Pro,2019/2020,Defender,FAR Rabat,0,0,0,France,0,0,0,0,0,0,0,0,0,0,0,0,0,0,0,0,0,0,0,0,0,0,0,0,0,0,0,0,0,0,0,-1,-1,-1,-1
Yassine Asri,0,0,Botola Pro,2019/2020,Midfielder,Ittihad Tanger,0,0,0,Morocco,0,0,0,0,0,0,0,0,0,0,0,0,0,0,0,0,0,0,0,0,0,0,0,0,0,0,0,0,0,0,0,-1,-1,-1,-1
Yassine Boughaz,0,0,Botola Pro,2019/2020,Defender,FAR Rabat,209,101,108,Morocco,6,1,1,0,0,0,0,0,0,0,0,1,1,0,3,1,2,0,0,0,0,0,0,0,0,1.29,70,35,0,0,0,-1,-1,-1,17
Yassine Dahbi,28,691113600,Botola Pro,2019/2020,Forward,Difaâ El Jadida,871,527,344,Morocco,11,6,4,3,2,1,0,0,0,0,0,3,2,1,7,4,3,3,0,0.31,0,0.31,0.34,0.26,290,0.72,124,79,290,0,0.31,28,61,-1,1
Yassine El Houasli,29,659404800,Botola Pro,2019/2020,Goalkeeper,CR Khemis Zemamra,1395,675,720,Morocco,16,8,8,0,0,0,0,0,0,0,0,3,3,0,17,6,11,1,0,0,0,0,0,0,0,1.1,82,87,1395,0,0.06,283,38,84,21
Yassine Labhiri,26,771462000,Botola Pro,2019/2020,Forward,Khouribga,99,54,45,Morocco,5,0,0,0,0,0,0,0,0,0,0,1,0,1,1,1,0,0,0,0,0,0,0,0,0,0.91,99,20,0,0,0,-1,-1,-1,26
Yassine Marsile,0,0,Botola Pro,2019/2020,Defender,Khouribga,574,270,304,Morocco,7,3,4,0,0,0,0,0,0,0,0,2,2,0,6,1,5,2,0,0,0,0,0,0,0,0.94,96,82,287,0,0.31,178,103,71,8
Yassine Othmane,27,727747200,Botola Pro,2019/2020,Midfielder,Rapide Oued Zem,4,4,0,Morocco,1,0,0,0,0,0,0,0,0,0,0,1,1,0,0,0,0,0,0,0,0,0,0,0,0,0,0,4,0,0,0,-1,-1,-1,18
Yassine Rami,32,556930800,Botola Pro,2019/2020,Defender,Hassania Agadir,810,360,450,Morocco,9,4,5,0,0,0,0,0,0,0,0,3,2,1,8,3,5,3,0,0,0,0,0,0,0,0.89,101,90,270,0,0.33,277,53,66,19
Yassine Salhi,32,562896000,Botola Pro,2019/2020,Forward,Raja Beni Mellal,201,104,97,Morocco,6,1,1,1,1,0,0,0,0,0,0,3,2,1,1,0,1,1,0,0.45,0,0.45,0.87,0,201,0.45,201,34,201,0,0.45,-1,-1,-1,2
Younes Ed-dybe,26,757382400,Botola Pro,2019/2020,Forward,Ittihad Tanger,264,112,152,Morocco,5,1,1,0,0,0,0,0,0,0,0,2,2,0,2,0,2,0,0,0,0,0,0,0,0,0.68,132,53,0,0,0,-1,-1,-1,23
Younes El Khafi,26,766018800,Botola Pro,2019/2020,Forward,CR Khemis Zemamra,19,0,19,Morocco,1,0,0,0,0,0,0,0,0,0,0,0,0,0,0,0,0,0,0,0,0,0,0,0,0,0,0,19,0,0,0,-1,-1,-1,14
Younes Hardala,0,0,Botola Pro,2019/2020,Goalkeeper,CR Khemis Zemamra,0,0,0,Morocco,0,0,0,0,0,0,0,0,0,0,0,0,0,0,0,0,0,0,0,0,0,0,0,0,0,0,0,0,0,0,0,-1,-1,-1,-1
Younes Houassi,35,467506800,Botola Pro,2019/2020,Forward,Youssoufia Berrechid,673,347,326,Morocco,11,4,3,1,1,0,0,0,0,0,0,3,2,1,12,4,8,1,0,0.13,0,0.13,0.26,0,673,1.6,56,61,673,0,0.13,78,288,-1,8
Younes Karabila,25,799369200,Botola Pro,2019/2020,Goalkeeper,RSB Berkane,0,0,0,Morocco,0,0,0,0,0,0,0,0,0,0,0,0,0,0,0,0,0,0,0,0,0,0,0,0,0,0,0,0,0,0,0,-1,-1,-1,-1
Youssef Aguerdoum,30,637200000,Botola Pro,2019/2020,Defender,Difaâ El Jadida,1424,870,554,Morocco,17,9,7,1,0,1,0,0,0,0,0,6,5,1,10,4,6,1,0,0.06,0,0.06,0,0.16,1424,0.63,142,84,1424,0,0.06,117,77,26,9
Youssef Alfahli,23,862095600,Botola Pro,2019/2020,Forward,Hassania Agadir,1033,575,458,Morocco,14,6,5,2,2,0,0,0,0,0,0,3,2,1,12,5,7,2,0,0.17,0,0.17,0.31,0,517,1.05,86,74,517,0,0.17,66,45,-1,3
Youssef Anouar,30,647046000,Botola Pro,2019/2020,Midfielder,Ittihad Tanger,924,450,474,Morocco,13,5,5,0,0,0,0,0,0,0,0,4,3,1,13,4,9,1,0,0,0,0,0,0,0,1.27,71,71,924,0,0.1,259,237,-1,25
Youssef Arbidi,24,817257600,Botola Pro,2019/2020,Midfielder,Olympic Safi,188,121,67,Morocco,8,0,0,0,0,0,0,0,0,0,0,5,5,0,2,1,1,0,0,0,0,0,0,0,0,0.96,94,24,0,0,0,-1,-1,-1,18
Youssef Bekkari,0,0,Botola Pro,2019/2020,Midfielder,Raja Casablanca,326,180,146,Morocco,6,2,2,0,0,0,0,0,0,0,0,2,1,1,4,3,1,0,0,0,0,0,0,0,0,1.1,82,54,0,0,0,160,85,-1,12
Youssef Belammari,21,906246000,Botola Pro,2019/2020,Midfielder,FUS Rabat,1188,349,839,Morocco,17,4,10,2,0,2,0,0,0,0,0,5,1,4,11,5,6,0,0,0.15,0,0.15,0,0.21,594,0.83,108,70,0,0,0,75,270,-1,6
Youssef Bouchtah,30,648342000,Botola Pro,2019/2020,Defender,Moghreb Tétouan,972,450,522,Morocco,11,5,6,0,0,0,0,0,0,0,0,5,4,1,7,1,6,1,0,0,0,0,0,0,0,0.65,139,88,972,0,0.09,227,224,31,28
Youssef Chaina,27,718844400,Botola Pro,2019/2020,Defender,Wydad Casablanca,759,499,260,Morocco,9,6,3,2,2,0,0,0,0,0,0,0,0,0,14,7,7,2,0,0.24,0,0.24,0.36,0,380,1.66,54,84,380,0,0.24,42,287,124,3
Youssef El Houari,0,0,Botola Pro,2019/2020,Forward,Moghreb Tétouan,44,44,0,Morocco,1,0,0,0,0,0,0,0,0,0,0,1,1,0,0,0,0,0,0,0,0,0,0,0,0,0,0,44,0,0,0,-1,-1,-1,16
Youssef El Omari,26,765327600,Botola Pro,2019/2020,Defender,Mouloudia Oujda,698,332,366,Morocco,12,4,3,0,0,0,0,0,0,0,0,4,2,2,4,2,2,0,0,0,0,0,0,0,0,0.52,175,58,0,0,0,298,248,14,20
Youssef Jamaaoui,27,736038000,Botola Pro,2019/2020,Defender,Mouloudia Oujda,166,10,156,Morocco,6,0,1,0,0,0,0,0,0,0,0,2,1,1,2,0,2,0,0,0,0,0,0,0,0,1.08,83,28,0,0,0,-1,-1,-1,12
Youssef Karmani,33,550882800,Botola Pro,2019/2020,Forward,Youssoufia Berrechid,236,131,105,Morocco,9,1,1,0,0,0,0,0,0,0,0,2,2,0,4,0,4,1,0,0,0,0,0,0,0,1.53,59,26,236,0,0.38,-1,-1,-1,11
Youssef Limouri,0,0,Botola Pro,2019/2020,Defender,FUS Rabat,1170,450,720,Morocco,13,5,8,0,0,0,0,0,0,0,0,5,2,3,6,3,3,3,0,0,0,0,0,0,0,0.46,195,90,390,0,0.23,162,83,7,12
Youssef Michte,0,0,Botola Pro,2019/2020,Midfielder,Olympic Safi,0,0,0,Morocco,0,0,0,0,0,0,0,0,0,0,0,0,0,0,0,0,0,0,0,0,0,0,0,0,0,0,0,0,0,0,0,-1,-1,-1,-1
Youssef Oggadi,31,599270400,Botola Pro,2019/2020,Defender,Youssoufia Berrechid,1080,540,540,Morocco,12,6,6,0,0,0,0,0,0,0,0,3,2,1,14,5,9,3,0,0,0,0,0,0,0,1.17,77,90,360,0,0.25,219,297,88,18
Youssef Ouchouia,28,707353200,Botola Pro,2019/2020,Defender,Rapide Oued Zem,508,337,171,Morocco,6,4,2,0,0,0,0,0,0,0,0,2,2,0,5,1,4,1,0,0,0,0,0,0,0,0.89,102,85,508,0,0.18,229,300,63,19
Youssef Sektioui,27,714351600,Botola Pro,2019/2020,Midfielder,Khouribga,180,90,90,Morocco,2,1,1,0,0,0,0,0,0,0,0,2,1,1,0,0,0,0,0,0,0,0,0,0,0,0,0,90,0,0,0,-1,-1,-1,21
Youssef Tourabi,31,608857200,Botola Pro,2019/2020,Defender,Moghreb Tétouan,1080,630,450,Morocco,12,7,5,1,0,1,0,0,0,0,0,7,6,1,6,1,5,6,0,0.08,0,0.08,0,0.2,1080,0.5,180,90,180,0,0.5,108,226,11,6
Youssef Toutouh,27,718326000,Botola Pro,2019/2020,Midfielder,FAR Rabat,117,104,13,Denmark,4,1,0,0,0,0,0,0,0,0,0,0,0,0,3,2,1,0,0,0,0,0,0,0,0,2.31,39,29,0,0,0,-1,-1,-1,10
Youssef Zghoudi,27,723168000,Botola Pro,2019/2020,Forward,RSB Berkane,483,447,36,Morocco,11,5,0,1,1,0,0,0,0,0,0,7,3,4,3,3,0,0,0,0.19,0,0.19,0.2,0,483,0.56,161,44,0,0,0,53,88,-1,8
Youssouf Traore,22,885427200,Botola Pro,2019/2020,Defender,Khouribga,872,512,360,Mali,10,6,4,0,0,0,0,0,0,0,0,2,1,1,14,8,6,0,0,0,0,0,0,0,0,1.44,62,87,0,0,0,143,33,115,16
Zaid Krouch,29,664934400,Botola Pro,2019/2020,Forward,RSB Berkane,1249,742,507,Morocco,18,10,6,0,0,0,0,0,0,0,0,9,3,6,7,6,1,0,0,0,0,0,0,0,0,0.5,178,69,0,0,0,135,6,-1,17
Zakaria Al Harash,21,909097200,Botola Pro,2019/2020,Forward,Ittihad Tanger,261,166,95,Libya,6,2,1,0,0,0,0,0,0,0,0,2,2,0,4,1,3,1,0,0,0,0,0,0,0,1.38,65,44,261,0,0.34,-1,-1,-1,14
Zakaria Azoud,22,897174000,Botola Pro,2019/2020,Midfielder,Rapide Oued Zem,482,274,208,Morocco,9,3,2,0,0,0,0,0,0,0,0,3,2,1,2,0,2,3,1,0,0,0,0,0,0,0.37,241,54,161,0,0.56,232,253,-1,22
Zakaria Driouch,0,0,Botola Pro,2019/2020,Defender,Raja Casablanca,10,0,10,Morocco,1,0,0,0,0,0,0,0,0,0,0,1,0,1,0,0,0,0,0,0,0,0,0,0,0,0,0,10,0,0,0,-1,-1,-1,22
Zakaria Fati,27,715734000,Botola Pro,2019/2020,Midfielder,Youssoufia Berrechid,1399,710,689,Morocco,19,8,8,7,4,3,0,0,0,3,0,2,1,1,24,10,14,2,0,0.45,0,0.45,0.51,0.39,200,1.54,58,74,700,0,0.13,12,286,-1,1
Zakaria Grirrane,33,548982000,Botola Pro,2019/2020,Midfielder,Raja Beni Mellal,955,540,415,Morocco,11,6,5,0,0,0,0,0,0,0,0,5,4,1,10,5,5,4,0,0,0,0,0,0,0,0.94,96,87,239,0,0.38,313,157,-1,21
Zakaria Habti,0,0,Botola Pro,2019/2020,Forward,Raja Casablanca,22,22,0,Morocco,2,0,0,0,0,0,0,0,0,0,0,1,1,0,0,0,0,1,0,0,0,0,0,0,0,0,0,11,22,0,4.09,-1,-1,-1,30
Zakaria Hadraf,30,637200000,Botola Pro,2019/2020,Forward,RSB Berkane,642,286,356,Morocco,10,3,4,0,0,0,0,0,0,0,0,5,1,4,6,3,3,0,0,0,0,0,0,0,0,0.84,107,64,0,0,0,170,112,-1,24
Zakaria Kiani,23,853891200,Botola Pro,2019/2020,Defender,CR Khemis Zemamra,1016,476,540,Morocco,12,5,6,1,1,0,0,0,0,0,0,2,2,0,14,4,10,0,0,0.09,0,0.09,0.19,0,1016,1.24,73,85,0,0,0,100,302,97,6
Zakaria Lahlali,29,659404800,Botola Pro,2019/2020,Midfielder,Olympic Safi,1754,990,764,Morocco,20,11,8,0,0,0,0,0,0,0,0,9,7,2,16,7,9,3,0,0,0,0,0,0,0,0.82,110,88,585,0,0.15,157,213,-1,19
Zakaria Wardi,22,903308400,Botola Pro,2019/2020,Midfielder,Raja Casablanca,1004,557,447,Morocco,16,5,3,0,0,0,0,0,0,0,0,9,3,6,7,5,2,1,0,0,0,0,0,0,0,0.63,143,63,1004,0,0.09,127,78,-1,25
Zayad Laasfa,0,0,Botola Pro,2019/2020,Goalkeeper,Raja Beni Mellal,90,0,90,Morocco,1,0,1,0,0,0,0,0,0,0,0,0,0,0,1,0,1,0,0,0,0,0,0,0,0,1,90,90,0,0,0,-1,-1,-1,10
Zine Eddine Derrag,0,0,Botola Pro,2019/2020,Midfielder,Khouribga,1303,701,602,Morocco,19,8,7,0,0,0,0,0,0,0,0,5,3,2,18,11,7,0,0,0,0,0,0,0,0,1.24,72,69,0,0,0,278,231,-1,25
Zouhair Chaouch,31,600739200,Botola Pro,2019/2020,Midfielder,Hassania Agadir,776,418,358,Morocco,10,5,4,0,0,0,0,0,0,0,0,3,2,1,10,5,5,2,1,0,0,0,0,0,0,1.16,78,78,259,0,0.35,267,48,-1,23
Zouhair El Ouassli,27,745023600,Botola Pro,2019/2020,Forward,Raja Beni Mellal,615,407,208,Morocco,9,5,3,0,0,0,0,0,0,0,0,2,2,0,9,6,3,1,0,0,0,0,0,0,0,1.32,68,68,615,0,0.15,312,238,-1,22
Zouhair Hachemi,22,887414400,Botola Pro,2019/2020,Defender,Khouribga,643,360,283,Morocco,8,4,4,0,0,0,0,0,0,0,0,2,1,1,9,5,4,0,0,0,0,0,0,0,0,1.26,71,80,0,0,0,130,208,101,30
Zouhair Laaroubi,36,459990000,Botola Pro,2019/2020,Goalkeeper,RSB Berkane,1530,900,630,Morocco,17,10,7,0,0,0,0,0,0,0,0,8,3,5,12,7,5,2,0,0,0,0,0,0,0,0.71,128,90,765,0,0.12,284,17,44,15
Zouhair Marour,25,795571200,Botola Pro,2019/2020,Defender,CR Khemis Zemamra,637,270,367,Morocco,9,3,4,0,0,0,0,0,0,0,0,0,0,0,14,5,9,0,0,0,0,0,0,0,0,1.98,46,71,0,0,0,168,114,132,16
Zouhair Ouchen,30,620434800,Botola Pro,2019/2020,Forward,Khouribga,182,135,47,Morocco,4,1,1,0,0,0,0,0,0,0,0,0,0,0,4,1,3,0,0,0,0,0,0,0,0,1.98,46,46,0,0,0,-1,-1,-1,13
Zouheir El-Moutaraji,24,828313200,Botola Pro,2019/2020,Forward,Wydad Casablanca,337,277,60,Morocco,8,3,1,1,0,1,0,0,0,0,0,0,0,0,2,2,0,1,0,0.27,0,0.27,0,1.5,337,0.53,169,42,337,0,0.27,36,137,-1,10
Zouheir Naim,34,500256000,Botola Pro,2019/2020,Forward,Moghreb Tétouan,0,0,0,Morocco,0,0,0,0,0,0,0,0,0,0,0,0,0,0,0,0,0,0,0,0,0,0,0,0,0,0,0,0,0,0,0,-1,-1,-1,-1
